git,0,-1,-1,0.021252155303955078,-1
git,0,-1,-1,0.015535354614257812,-1
git,0,-1,-1,0.013258695602416992,-1
git,0,-1,-1,0.012784004211425781,-1
git,0,-1,-1,0.012584924697875977,-1
git,0,-1,-1,0.013376712799072266,-1
git,1,-1,-1,0.02073955535888672,-1
git,0,-1,-1,0.013546466827392578,-1
git,0,-1,-1,0.013094902038574219,-1
git,0,-1,-1,0.012933731079101562,-1
git,0,-1,-1,0.020331859588623047,-1
git,0,-1,-1,0.018742799758911133,-1
git,0,-1,-1,0.011837482452392578,-1
git,0,-1,-1,0.007934093475341797,-1
git,0,-1,-1,0.007951736450195312,-1
git,0,-1,-1,0.007910490036010742,-1
git,0,-1,-1,0.00824427604675293,-1
git,1,-1,-1,0.01803898811340332,-1
git,0,-1,-1,0.0130615234375,-1
git,0,-1,-1,0.013374090194702148,-1
git,0,-1,-1,0.014434576034545898,-1
git,0,-1,-1,0.010071754455566406,-1
git,0,-1,-1,0.012056589126586914,-1
git,0,-1,-1,0.013746261596679688,-1
git,0,-1,-1,0.011809587478637695,-1
git,0,-1,-1,0.01142430305480957,-1
git,0,-1,-1,0.008955955505371094,-1
git,1,-1,-1,0.024100065231323242,-1
git,0,-1,-1,0.017307519912719727,-1
git,0,-1,-1,0.010357379913330078,-1
git,0,-1,-1,0.010181903839111328,-1
git,0,-1,-1,0.014950275421142578,-1
git,0,-1,-1,0.011220216751098633,-1
git,0,-1,-1,0.015382528305053711,-1
git,0,-1,-1,0.011898517608642578,-1
git,0,-1,-1,0.01636505126953125,-1
git,0,-1,-1,0.014876842498779297,-1
git,0,-1,-1,0.010032892227172852,-1
git,0,-1,-1,0.010789632797241211,-1
git,0,-1,-1,0.009443044662475586,-1
git,0,-1,-1,0.00918722152709961,-1
git,0,-1,-1,0.012046575546264648,-1
git,0,-1,-1,0.00864863395690918,-1
git,0,-1,-1,0.0100250244140625,-1
git,0,-1,-1,0.009071588516235352,-1
git,0,-1,-1,0.009230375289916992,-1
git,0,-1,-1,0.008777379989624023,-1
git,0,-1,-1,0.011554956436157227,-1
git,0,-1,-1,0.008767127990722656,-1
git,1,-1,-1,0.01061868667602539,-1
git,0,-1,-1,0.01579761505126953,-1
git,0,-1,-1,0.013900518417358398,-1
git,0,-1,-1,0.015023469924926758,-1
git,1,-1,-1,0.01980113983154297,-1
git,0,-1,-1,0.013336420059204102,-1
git,0,-1,-1,0.013355493545532227,-1
git,1,-1,-1,0.02211904525756836,-1
git,0,-1,-1,0.015405893325805664,-1
git,0,-1,-1,0.010226249694824219,-1
git,1,-1,-1,0.018476486206054688,-1
git,0,-1,-1,0.013311147689819336,-1
git,0,-1,-1,0.011059045791625977,-1
git,0,-1,-1,0.013025522232055664,-1
git,0,-1,-1,0.014579296112060547,-1
git,0,-1,-1,0.012573719024658203,-1
git,0,-1,-1,0.007725715637207031,-1
git,0,-1,-1,0.006941318511962891,-1
git,0,-1,-1,0.007103919982910156,-1
git,0,-1,-1,0.007148265838623047,-1
git,0,-1,-1,0.007299184799194336,-1
git,0,-1,-1,0.009266138076782227,-1
git,0,-1,-1,0.01166081428527832,-1
git,0,-1,-1,0.009543895721435547,-1
git,0,-1,-1,0.009369373321533203,-1
git,0,-1,-1,0.00954127311706543,-1
git,0,-1,-1,0.008975505828857422,-1
git,0,-1,-1,0.010146856307983398,-1
git,0,-1,-1,0.011255264282226562,-1
git,0,-1,-1,0.010041475296020508,-1
git,0,-1,-1,0.010311603546142578,-1
git,0,-1,-1,0.01002049446105957,-1
git,0,-1,-1,0.009204387664794922,-1
git,0,-1,-1,0.008966207504272461,-1
git,0,-1,-1,0.010440826416015625,-1
git,0,-1,-1,0.009675025939941406,-1
git,0,-1,-1,0.009302616119384766,-1
git,0,-1,-1,0.009752988815307617,-1
git,0,-1,-1,0.013414382934570312,-1
git,0,-1,-1,0.009315967559814453,-1
git,0,-1,-1,0.012383699417114258,-1
git,0,-1,-1,0.014066696166992188,-1
git,0,-1,-1,0.010654687881469727,-1
git,1,-1,-1,0.01838517189025879,-1
git,0,-1,-1,0.02135324478149414,-1
git,0,-1,-1,0.014570474624633789,-1
git,0,-1,-1,0.011295795440673828,-1
git,0,-1,-1,0.010939359664916992,-1
git,0,-1,-1,0.014168739318847656,-1
git,0,-1,-1,0.011602163314819336,-1
git,0,-1,-1,0.011438608169555664,-1
git,0,-1,-1,0.013671398162841797,-1
git,0,-1,-1,0.016228675842285156,-1
git,0,-1,-1,0.013524055480957031,-1
git,0,-1,-1,0.012596607208251953,-1
git,0,-1,-1,0.012191057205200195,-1
git,0,-1,-1,0.010577917098999023,-1
git,0,-1,-1,0.015434026718139648,-1
git,0,-1,-1,0.015909671783447266,-1
git,0,-1,-1,0.011675119400024414,-1
git,0,-1,-1,0.012265920639038086,-1
git,0,-1,-1,0.013309717178344727,-1
git,0,-1,-1,0.012641668319702148,-1
git,0,-1,-1,0.012051820755004883,-1
git,0,-1,-1,0.010454416275024414,-1
git,0,-1,-1,0.014478683471679688,-1
git,0,-1,-1,0.013042211532592773,-1
git,0,-1,-1,0.012961626052856445,-1
git,0,-1,-1,0.010406017303466797,-1
git,0,-1,-1,0.010111093521118164,-1
git,0,-1,-1,0.008345603942871094,-1
git,0,-1,-1,0.007565975189208984,-1
git,0,-1,-1,0.009883880615234375,-1
git,1,-1,-1,0.012676477432250977,-1
git,0,-1,-1,0.0077517032623291016,-1
git,0,-1,-1,0.013320446014404297,-1
git,0,-1,-1,0.00809168815612793,-1
git,1,-1,-1,0.01187586784362793,-1
git,0,-1,-1,0.007577180862426758,-1
git,1,-1,-1,0.012401580810546875,-1
git,0,-1,-1,0.007855653762817383,-1
git,1,-1,-1,0.011709213256835938,-1
git,0,-1,-1,0.017156124114990234,-1
git,0,-1,-1,0.00862431526184082,-1
git,0,-1,-1,0.00935220718383789,-1
git,0,-1,-1,0.010766267776489258,-1
git,0,-1,-1,0.012021064758300781,-1
git,0,-1,-1,0.01039266586303711,-1
git,0,-1,-1,0.009539604187011719,-1
git,0,-1,-1,0.0086517333984375,-1
git,1,-1,-1,0.0118408203125,-1
git,1,-1,-1,0.010229110717773438,-1
git,1,-1,-1,0.01048898696899414,-1
git,1,-1,-1,0.010483741760253906,-1
git,1,-1,-1,0.010496377944946289,-1
git,1,-1,-1,0.009861469268798828,-1
git,0,-1,-1,0.009598016738891602,-1
git,0,-1,-1,0.01025247573852539,-1
git,0,-1,-1,0.008787870407104492,-1
git,0,-1,-1,0.006621599197387695,-1
git,0,-1,-1,0.006056547164916992,-1
git,0,-1,-1,0.00691986083984375,-1
git,0,-1,-1,0.0068089962005615234,-1
git,0,-1,-1,0.006178379058837891,-1
git,0,-1,-1,0.006218433380126953,-1
git,0,-1,-1,0.006696939468383789,-1
git,0,-1,-1,0.008093833923339844,-1
git,0,-1,-1,0.006972074508666992,-1
git,0,-1,-1,0.007115364074707031,-1
git,0,-1,-1,0.006956577301025391,-1
git,0,-1,-1,0.006350517272949219,-1
git,0,-1,-1,0.007536411285400391,-1
git,0,-1,-1,0.007848501205444336,-1
git,0,-1,-1,0.009774923324584961,-1
git,0,-1,-1,0.007682085037231445,-1
git,0,-1,-1,0.0083465576171875,-1
git,0,-1,-1,0.009369611740112305,-1
git,0,-1,-1,0.008511543273925781,-1
git,0,-1,-1,0.009311437606811523,-1
git,0,-1,-1,0.011067867279052734,-1
git,0,-1,-1,0.010392427444458008,-1
git,0,-1,-1,0.01172947883605957,-1
git,1,-1,-1,0.01476144790649414,-1
git,0,-1,-1,0.013049840927124023,-1
git,0,-1,-1,0.011053323745727539,-1
git,0,-1,-1,0.010431289672851562,-1
git,0,-1,-1,0.00894474983215332,-1
git,1,-1,-1,0.011499166488647461,-1
git,0,-1,-1,0.009807825088500977,-1
git,0,-1,-1,0.01045536994934082,-1
git,0,-1,-1,0.009988546371459961,-1
git,0,-1,-1,0.008576393127441406,-1
git,0,-1,-1,0.009080648422241211,-1
git,0,-1,-1,0.009044885635375977,-1
git,0,-1,-1,0.009374380111694336,-1
git,0,-1,-1,0.009346246719360352,-1
git,0,-1,-1,0.008320093154907227,-1
git,1,-1,-1,0.010060787200927734,-1
git,1,-1,-1,0.010600805282592773,-1
git,0,-1,-1,0.009070158004760742,-1
git,1,-1,-1,0.019794464111328125,-1
git,0,-1,-1,0.014561653137207031,-1
git,0,-1,-1,0.011727333068847656,-1
git,0,-1,-1,0.010284185409545898,-1
git,0,-1,-1,0.011016845703125,-1
git,0,-1,-1,0.009921789169311523,-1
git,0,-1,-1,0.012873411178588867,-1
git,0,-1,-1,0.018872976303100586,-1
git,0,-1,-1,0.014614343643188477,-1
git,0,-1,-1,0.020537614822387695,-1
git,0,-1,-1,0.020459413528442383,-1
git,0,-1,-1,0.013881921768188477,-1
git,0,-1,-1,0.01492929458618164,-1
git,0,-1,-1,0.02033543586730957,-1
git,0,-1,-1,0.015699386596679688,-1
git,0,-1,-1,0.008913993835449219,-1
git,0,-1,-1,0.008140087127685547,-1
git,0,-1,-1,0.007234334945678711,-1
git,0,-1,-1,0.007998943328857422,-1
git,0,-1,-1,0.00896453857421875,-1
git,0,-1,-1,0.008308887481689453,-1
git,0,-1,-1,0.008864641189575195,-1
git,0,-1,-1,0.008055925369262695,-1
git,0,-1,-1,0.009367704391479492,-1
git,0,-1,-1,0.010782003402709961,-1
git,0,-1,-1,0.008569955825805664,-1
git,0,-1,-1,0.009096384048461914,-1
git,0,-1,-1,0.009380102157592773,-1
git,0,-1,-1,0.008499383926391602,-1
git,0,-1,-1,0.008391141891479492,-1
git,0,-1,-1,0.00866842269897461,-1
git,0,-1,-1,0.008322715759277344,-1
git,0,-1,-1,0.013077974319458008,-1
git,0,-1,-1,0.014456748962402344,-1
git,0,-1,-1,0.01093149185180664,-1
git,0,-1,-1,0.00896310806274414,-1
git,0,-1,-1,0.010464906692504883,-1
git,0,-1,-1,0.011198997497558594,-1
git,0,-1,-1,0.010946035385131836,-1
git,0,-1,-1,0.010564327239990234,-1
git,1,-1,-1,0.01251530647277832,-1
git,0,-1,-1,0.007802724838256836,-1
git,0,-1,-1,0.009571313858032227,-1
git,0,-1,-1,0.00794529914855957,-1
git,0,-1,-1,0.005303621292114258,-1
git,1,-1,-1,0.010139942169189453,-1
git,1,-1,-1,0.010104894638061523,-1
git,1,-1,-1,0.008403301239013672,-1
git,0,-1,-1,0.007471323013305664,-1
git,0,-1,-1,0.00802755355834961,-1
git,0,-1,-1,0.006920576095581055,-1
git,0,-1,-1,0.006624937057495117,-1
git,0,-1,-1,0.007550954818725586,-1
git,0,-1,-1,0.007332801818847656,-1
git,0,-1,-1,0.006767988204956055,-1
git,0,-1,-1,0.006951570510864258,-1
git,0,-1,-1,0.006229877471923828,-1
git,0,-1,-1,0.0063266754150390625,-1
git,0,-1,-1,0.006367683410644531,-1
git,0,-1,-1,0.007009983062744141,-1
git,0,-1,-1,0.006403684616088867,-1
git,0,-1,-1,0.004887104034423828,-1
git,0,-1,-1,0.02586960792541504,-1
git,0,-1,-1,0.015686988830566406,-1
git,0,-1,-1,0.013537883758544922,-1
git,0,-1,-1,0.012571573257446289,-1
git,0,-1,-1,0.012705802917480469,-1
git,0,-1,-1,0.013496875762939453,-1
git,1,-1,-1,0.020557165145874023,-1
git,0,-1,-1,0.01372528076171875,-1
git,0,-1,-1,0.013293266296386719,-1
git,0,-1,-1,0.012835025787353516,-1
git,0,-1,-1,0.020642995834350586,-1
git,0,-1,-1,0.0189969539642334,-1
git,0,-1,-1,0.02010798454284668,-1
git,0,-1,-1,0.0185391902923584,-1
git,0,-1,-1,0.017505645751953125,-1
git,0,-1,-1,0.012381792068481445,-1
git,0,-1,-1,0.012978553771972656,-1
git,1,-1,-1,0.02817082405090332,-1
git,0,-1,-1,0.01676011085510254,-1
git,0,-1,-1,0.008347034454345703,-1
git,0,-1,-1,0.011884689331054688,-1
git,0,-1,-1,0.007972955703735352,-1
git,0,-1,-1,0.008114337921142578,-1
git,0,-1,-1,0.011539697647094727,-1
git,0,-1,-1,0.010953903198242188,-1
git,0,-1,-1,0.009171724319458008,-1
git,0,-1,-1,0.007996082305908203,-1
git,1,-1,-1,0.02311539649963379,-1
git,0,-1,-1,0.017540454864501953,-1
git,0,-1,-1,0.010617733001708984,-1
git,0,-1,-1,0.011246919631958008,-1
git,0,-1,-1,0.014642953872680664,-1
git,0,-1,-1,0.01068735122680664,-1
git,0,-1,-1,0.014314889907836914,-1
git,0,-1,-1,0.011249542236328125,-1
git,0,-1,-1,0.015121221542358398,-1
git,0,-1,-1,0.01609015464782715,-1
git,0,-1,-1,0.010164022445678711,-1
git,0,-1,-1,0.01566147804260254,-1
git,0,-1,-1,0.01576542854309082,-1
git,0,-1,-1,0.014650583267211914,-1
git,0,-1,-1,0.017265796661376953,-1
git,0,-1,-1,0.010913848876953125,-1
git,0,-1,-1,0.01390838623046875,-1
git,0,-1,-1,0.01373147964477539,-1
git,0,-1,-1,0.009552955627441406,-1
git,0,-1,-1,0.00797581672668457,-1
git,0,-1,-1,0.010466575622558594,-1
git,0,-1,-1,0.007934808731079102,-1
git,1,-1,-1,0.009737253189086914,-1
git,0,-1,-1,0.01575160026550293,-1
git,0,-1,-1,0.012309551239013672,-1
git,0,-1,-1,0.014847993850708008,-1
git,1,-1,-1,0.020419597625732422,-1
git,0,-1,-1,0.013808965682983398,-1
git,0,-1,-1,0.01378941535949707,-1
git,1,-1,-1,0.022403955459594727,-1
git,0,-1,-1,0.015602588653564453,-1
git,0,-1,-1,0.009895563125610352,-1
git,1,-1,-1,0.018946170806884766,-1
git,0,-1,-1,0.0134735107421875,-1
git,0,-1,-1,0.01120615005493164,-1
git,0,-1,-1,0.013369083404541016,-1
git,0,-1,-1,0.014984607696533203,-1
git,0,-1,-1,0.012685537338256836,-1
git,0,-1,-1,0.012170553207397461,-1
git,0,-1,-1,0.009572029113769531,-1
git,0,-1,-1,0.009601831436157227,-1
git,0,-1,-1,0.009994029998779297,-1
git,0,-1,-1,0.009906768798828125,-1
git,0,-1,-1,0.013753890991210938,-1
git,0,-1,-1,0.015897512435913086,-1
git,0,-1,-1,0.007866621017456055,-1
git,0,-1,-1,0.007112026214599609,-1
git,0,-1,-1,0.008585453033447266,-1
git,0,-1,-1,0.007829666137695312,-1
git,0,-1,-1,0.008734703063964844,-1
git,0,-1,-1,0.009462594985961914,-1
git,0,-1,-1,0.008487701416015625,-1
git,0,-1,-1,0.00801539421081543,-1
git,0,-1,-1,0.007886648178100586,-1
git,0,-1,-1,0.008610963821411133,-1
git,0,-1,-1,0.00863957405090332,-1
git,0,-1,-1,0.00937199592590332,-1
git,0,-1,-1,0.009029150009155273,-1
git,0,-1,-1,0.009713172912597656,-1
git,0,-1,-1,0.008902549743652344,-1
git,0,-1,-1,0.01162576675415039,-1
git,0,-1,-1,0.007969141006469727,-1
git,0,-1,-1,0.010156631469726562,-1
git,0,-1,-1,0.012726068496704102,-1
git,0,-1,-1,0.010461807250976562,-1
git,1,-1,-1,0.015275239944458008,-1
git,0,-1,-1,0.019303321838378906,-1
git,0,-1,-1,0.014086723327636719,-1
git,0,-1,-1,0.011874675750732422,-1
git,0,-1,-1,0.011601686477661133,-1
git,0,-1,-1,0.013862848281860352,-1
git,0,-1,-1,0.012059211730957031,-1
git,0,-1,-1,0.011545896530151367,-1
git,0,-1,-1,0.010084152221679688,-1
git,0,-1,-1,0.01352691650390625,-1
git,0,-1,-1,0.011809825897216797,-1
git,0,-1,-1,0.010830163955688477,-1
git,0,-1,-1,0.010225057601928711,-1
git,0,-1,-1,0.009222269058227539,-1
git,0,-1,-1,0.013270139694213867,-1
git,0,-1,-1,0.01350092887878418,-1
git,0,-1,-1,0.009875297546386719,-1
git,0,-1,-1,0.010298490524291992,-1
git,0,-1,-1,0.011617422103881836,-1
git,0,-1,-1,0.010042190551757812,-1
git,0,-1,-1,0.010268926620483398,-1
git,0,-1,-1,0.009049415588378906,-1
git,0,-1,-1,0.011934280395507812,-1
git,0,-1,-1,0.011509418487548828,-1
git,0,-1,-1,0.011970281600952148,-1
git,0,-1,-1,0.010173559188842773,-1
git,0,-1,-1,0.009970426559448242,-1
git,0,-1,-1,0.01110696792602539,-1
git,0,-1,-1,0.009373664855957031,-1
git,0,-1,-1,0.010259151458740234,-1
git,1,-1,-1,0.0158536434173584,-1
git,0,-1,-1,0.009163141250610352,-1
git,0,-1,-1,0.015165328979492188,-1
git,0,-1,-1,0.009987831115722656,-1
git,1,-1,-1,0.015702009201049805,-1
git,0,-1,-1,0.00810384750366211,-1
git,1,-1,-1,0.010483026504516602,-1
git,0,-1,-1,0.0071332454681396484,-1
git,1,-1,-1,0.010283470153808594,-1
git,0,-1,-1,0.0166018009185791,-1
git,0,-1,-1,0.00848698616027832,-1
git,0,-1,-1,0.00887155532836914,-1
git,0,-1,-1,0.010518550872802734,-1
git,0,-1,-1,0.011710405349731445,-1
git,0,-1,-1,0.009602069854736328,-1
git,0,-1,-1,0.009283065795898438,-1
git,0,-1,-1,0.009622573852539062,-1
git,1,-1,-1,0.009819984436035156,-1
git,1,-1,-1,0.010041475296020508,-1
git,1,-1,-1,0.010001897811889648,-1
git,1,-1,-1,0.01021718978881836,-1
git,1,-1,-1,0.010239839553833008,-1
git,1,-1,-1,0.009786844253540039,-1
git,0,-1,-1,0.010041952133178711,-1
git,0,-1,-1,0.010322093963623047,-1
git,0,-1,-1,0.009150981903076172,-1
git,0,-1,-1,0.008409738540649414,-1
git,0,-1,-1,0.009794235229492188,-1
git,0,-1,-1,0.010825872421264648,-1
git,0,-1,-1,0.010131597518920898,-1
git,0,-1,-1,0.009931325912475586,-1
git,0,-1,-1,0.007790327072143555,-1
git,0,-1,-1,0.009218931198120117,-1
git,0,-1,-1,0.009421110153198242,-1
git,0,-1,-1,0.008171558380126953,-1
git,0,-1,-1,0.008173704147338867,-1
git,0,-1,-1,0.009795904159545898,-1
git,0,-1,-1,0.009403467178344727,-1
git,0,-1,-1,0.011035919189453125,-1
git,0,-1,-1,0.012115716934204102,-1
git,0,-1,-1,0.014995813369750977,-1
git,0,-1,-1,0.008353233337402344,-1
git,0,-1,-1,0.009115219116210938,-1
git,0,-1,-1,0.010373830795288086,-1
git,0,-1,-1,0.009577274322509766,-1
git,0,-1,-1,0.010451078414916992,-1
git,0,-1,-1,0.012375831604003906,-1
git,0,-1,-1,0.011627912521362305,-1
git,0,-1,-1,0.01319265365600586,-1
git,1,-1,-1,0.016563892364501953,-1
git,0,-1,-1,0.015136480331420898,-1
git,0,-1,-1,0.012245655059814453,-1
git,0,-1,-1,0.011522054672241211,-1
git,0,-1,-1,0.010056257247924805,-1
git,1,-1,-1,0.012632369995117188,-1
git,0,-1,-1,0.011968135833740234,-1
git,0,-1,-1,0.01002955436706543,-1
git,0,-1,-1,0.011199474334716797,-1
git,0,-1,-1,0.012048006057739258,-1
git,0,-1,-1,0.011994361877441406,-1
git,0,-1,-1,0.00966334342956543,-1
git,0,-1,-1,0.008506059646606445,-1
git,0,-1,-1,0.00883340835571289,-1
git,0,-1,-1,0.008290767669677734,-1
git,1,-1,-1,0.008982658386230469,-1
git,1,-1,-1,0.009226083755493164,-1
git,0,-1,-1,0.009745597839355469,-1
git,1,-1,-1,0.02172994613647461,-1
git,0,-1,-1,0.01392674446105957,-1
git,0,-1,-1,0.011075973510742188,-1
git,0,-1,-1,0.009413957595825195,-1
git,0,-1,-1,0.010013818740844727,-1
git,0,-1,-1,0.009616613388061523,-1
git,0,-1,-1,0.012544870376586914,-1
git,0,-1,-1,0.01823711395263672,-1
git,0,-1,-1,0.014033079147338867,-1
git,0,-1,-1,0.019516944885253906,-1
git,0,-1,-1,0.01714468002319336,-1
git,0,-1,-1,0.011314153671264648,-1
git,0,-1,-1,0.011367559432983398,-1
git,0,-1,-1,0.018158674240112305,-1
git,0,-1,-1,0.013288259506225586,-1
git,0,-1,-1,0.01933884620666504,-1
git,0,-1,-1,0.01267099380493164,-1
git,0,-1,-1,0.017488956451416016,-1
git,0,-1,-1,0.009246349334716797,-1
git,0,-1,-1,0.007195234298706055,-1
git,0,-1,-1,0.0065648555755615234,-1
git,0,-1,-1,0.006681680679321289,-1
git,0,-1,-1,0.0065517425537109375,-1
git,0,-1,-1,0.007612943649291992,-1
git,0,-1,-1,0.007723808288574219,-1
git,0,-1,-1,0.007344484329223633,-1
git,0,-1,-1,0.008414983749389648,-1
git,0,-1,-1,0.00785517692565918,-1
git,0,-1,-1,0.007644176483154297,-1
git,0,-1,-1,0.00745081901550293,-1
git,0,-1,-1,0.007816553115844727,-1
git,0,-1,-1,0.007517814636230469,-1
git,0,-1,-1,0.011350631713867188,-1
git,0,-1,-1,0.012857198715209961,-1
git,0,-1,-1,0.009429931640625,-1
git,0,-1,-1,0.007947921752929688,-1
git,0,-1,-1,0.009221792221069336,-1
git,0,-1,-1,0.010106086730957031,-1
git,0,-1,-1,0.009922504425048828,-1
git,0,-1,-1,0.009234905242919922,-1
git,1,-1,-1,0.01264810562133789,-1
git,0,-1,-1,0.008161306381225586,-1
git,0,-1,-1,0.010367631912231445,-1
git,0,-1,-1,0.009375572204589844,-1
git,0,-1,-1,0.008647441864013672,-1
git,1,-1,-1,0.012090921401977539,-1
git,1,-1,-1,0.010612726211547852,-1
git,1,-1,-1,0.00940394401550293,-1
git,0,-1,-1,0.00860595703125,-1
git,0,-1,-1,0.009206771850585938,-1
git,0,-1,-1,0.0065822601318359375,-1
git,0,-1,-1,0.0059015750885009766,-1
git,0,-1,-1,0.006708860397338867,-1
git,0,-1,-1,0.006669044494628906,-1
git,0,-1,-1,0.006154060363769531,-1
git,0,-1,-1,0.00584101676940918,-1
git,0,-1,-1,0.006006002426147461,-1
git,0,-1,-1,0.006196498870849609,-1
git,0,-1,-1,0.006208658218383789,-1
git,0,-1,-1,0.0068247318267822266,-1
git,0,-1,-1,0.00660395622253418,-1
git,0,-1,-1,0.005113840103149414,-1
git,0,-1,-1,0.01896953582763672,-1
git,0,-1,-1,0.012742996215820312,-1
git,0,-1,-1,0.01021432876586914,-1
git,0,-1,-1,0.010329008102416992,-1
git,0,-1,-1,0.010302305221557617,-1
git,0,-1,-1,0.01070094108581543,-1
git,1,-1,-1,0.01619887351989746,-1
git,0,-1,-1,0.011459827423095703,-1
git,0,-1,-1,0.011198282241821289,-1
git,0,-1,-1,0.011008501052856445,-1
git,0,-1,-1,0.016366958618164062,-1
git,0,-1,-1,0.015153169631958008,-1
git,0,-1,-1,0.015517711639404297,-1
git,0,-1,-1,0.013494729995727539,-1
git,0,-1,-1,0.014786005020141602,-1
git,0,-1,-1,0.0107421875,-1
git,0,-1,-1,0.011031389236450195,-1
git,1,-1,-1,0.022216320037841797,-1
git,0,-1,-1,0.014916181564331055,-1
git,0,-1,-1,0.016511201858520508,-1
git,0,-1,-1,0.017765045166015625,-1
git,0,-1,-1,0.010569095611572266,-1
git,0,-1,-1,0.015117645263671875,-1
git,0,-1,-1,0.01751852035522461,-1
git,0,-1,-1,0.015303611755371094,-1
git,0,-1,-1,0.012180089950561523,-1
git,0,-1,-1,0.007085561752319336,-1
git,1,-1,-1,0.021632909774780273,-1
git,0,-1,-1,0.016001224517822266,-1
git,0,-1,-1,0.010966062545776367,-1
git,0,-1,-1,0.009817361831665039,-1
git,0,-1,-1,0.014024972915649414,-1
git,0,-1,-1,0.010476350784301758,-1
git,0,-1,-1,0.013362646102905273,-1
git,0,-1,-1,0.011050701141357422,-1
git,0,-1,-1,0.014469146728515625,-1
git,0,-1,-1,0.014716625213623047,-1
git,0,-1,-1,0.009720087051391602,-1
git,0,-1,-1,0.01455998420715332,-1
git,0,-1,-1,0.015070676803588867,-1
git,0,-1,-1,0.013801336288452148,-1
git,0,-1,-1,0.016353607177734375,-1
git,0,-1,-1,0.010475873947143555,-1
git,0,-1,-1,0.013151407241821289,-1
git,0,-1,-1,0.012648582458496094,-1
git,0,-1,-1,0.010508537292480469,-1
git,0,-1,-1,0.010253429412841797,-1
git,0,-1,-1,0.014708518981933594,-1
git,0,-1,-1,0.010188102722167969,-1
git,1,-1,-1,0.013265609741210938,-1
git,0,-1,-1,0.01796889305114746,-1
git,0,-1,-1,0.012495279312133789,-1
git,0,-1,-1,0.012111186981201172,-1
git,1,-1,-1,0.019135713577270508,-1
git,0,-1,-1,0.012495756149291992,-1
git,0,-1,-1,0.012735366821289062,-1
git,1,-1,-1,0.023946762084960938,-1
git,0,-1,-1,0.015576362609863281,-1
git,0,-1,-1,0.009974241256713867,-1
git,1,-1,-1,0.018063068389892578,-1
git,0,-1,-1,0.014037132263183594,-1
git,0,-1,-1,0.011816263198852539,-1
git,0,-1,-1,0.013121604919433594,-1
git,0,-1,-1,0.0156862735748291,-1
git,0,-1,-1,0.012257099151611328,-1
git,0,-1,-1,0.01239323616027832,-1
git,0,-1,-1,0.010470151901245117,-1
git,0,-1,-1,0.009373188018798828,-1
git,0,-1,-1,0.01121211051940918,-1
git,0,-1,-1,0.011223077774047852,-1
git,0,-1,-1,0.01587390899658203,-1
git,0,-1,-1,0.01834869384765625,-1
git,0,-1,-1,0.01388406753540039,-1
git,0,-1,-1,0.012482404708862305,-1
git,0,-1,-1,0.012066125869750977,-1
git,0,-1,-1,0.011264562606811523,-1
git,0,-1,-1,0.010922670364379883,-1
git,0,-1,-1,0.010056495666503906,-1
git,0,-1,-1,0.007545948028564453,-1
git,0,-1,-1,0.007155418395996094,-1
git,0,-1,-1,0.006916522979736328,-1
git,0,-1,-1,0.007386207580566406,-1
git,0,-1,-1,0.007243156433105469,-1
git,0,-1,-1,0.007999658584594727,-1
git,0,-1,-1,0.007664203643798828,-1
git,0,-1,-1,0.008180379867553711,-1
git,0,-1,-1,0.00819087028503418,-1
git,0,-1,-1,0.013957023620605469,-1
git,0,-1,-1,0.009885072708129883,-1
git,0,-1,-1,0.012319087982177734,-1
git,0,-1,-1,0.016866445541381836,-1
git,0,-1,-1,0.01326894760131836,-1
git,1,-1,-1,0.022571325302124023,-1
git,0,-1,-1,0.028008460998535156,-1
git,0,-1,-1,0.020151138305664062,-1
git,0,-1,-1,0.01756906509399414,-1
git,0,-1,-1,0.015417814254760742,-1
git,0,-1,-1,0.017247676849365234,-1
git,0,-1,-1,0.015825986862182617,-1
git,0,-1,-1,0.013720035552978516,-1
git,0,-1,-1,0.011760473251342773,-1
git,0,-1,-1,0.016556262969970703,-1
git,0,-1,-1,0.014072179794311523,-1
git,0,-1,-1,0.01446390151977539,-1
git,0,-1,-1,0.012920141220092773,-1
git,0,-1,-1,0.01150059700012207,-1
git,0,-1,-1,0.01663351058959961,-1
git,0,-1,-1,0.016377925872802734,-1
git,0,-1,-1,0.01242685317993164,-1
git,0,-1,-1,0.013560771942138672,-1
git,0,-1,-1,0.014582157135009766,-1
git,0,-1,-1,0.012069225311279297,-1
git,0,-1,-1,0.011815071105957031,-1
git,0,-1,-1,0.01076197624206543,-1
git,0,-1,-1,0.014523029327392578,-1
git,0,-1,-1,0.013791799545288086,-1
git,0,-1,-1,0.015457391738891602,-1
git,0,-1,-1,0.012684106826782227,-1
git,0,-1,-1,0.012428045272827148,-1
git,0,-1,-1,0.013910055160522461,-1
git,0,-1,-1,0.011061429977416992,-1
git,0,-1,-1,0.012563705444335938,-1
git,1,-1,-1,0.020411252975463867,-1
git,0,-1,-1,0.010200262069702148,-1
git,0,-1,-1,0.01324915885925293,-1
git,0,-1,-1,0.00921773910522461,-1
git,1,-1,-1,0.013026714324951172,-1
git,0,-1,-1,0.008753538131713867,-1
git,1,-1,-1,0.013284444808959961,-1
git,0,-1,-1,0.008743762969970703,-1
git,1,-1,-1,0.013625621795654297,-1
git,0,-1,-1,0.021247148513793945,-1
git,0,-1,-1,0.010532617568969727,-1
git,0,-1,-1,0.011076211929321289,-1
git,0,-1,-1,0.012517690658569336,-1
git,0,-1,-1,0.014715909957885742,-1
git,0,-1,-1,0.011819601058959961,-1
git,0,-1,-1,0.010915756225585938,-1
git,0,-1,-1,0.00985407829284668,-1
git,1,-1,-1,0.012044191360473633,-1
git,1,-1,-1,0.012639284133911133,-1
git,1,-1,-1,0.013222932815551758,-1
git,1,-1,-1,0.012601137161254883,-1
git,1,-1,-1,0.013715744018554688,-1
git,1,-1,-1,0.013705253601074219,-1
git,0,-1,-1,0.012991189956665039,-1
git,0,-1,-1,0.01027536392211914,-1
git,0,-1,-1,0.00827479362487793,-1
git,0,-1,-1,0.008994102478027344,-1
git,0,-1,-1,0.008613824844360352,-1
git,0,-1,-1,0.009991884231567383,-1
git,0,-1,-1,0.009142160415649414,-1
git,0,-1,-1,0.009399652481079102,-1
git,0,-1,-1,0.009701251983642578,-1
git,0,-1,-1,0.010968208312988281,-1
git,0,-1,-1,0.012263298034667969,-1
git,0,-1,-1,0.010947465896606445,-1
git,0,-1,-1,0.011442422866821289,-1
git,0,-1,-1,0.010769367218017578,-1
git,0,-1,-1,0.009842634201049805,-1
git,0,-1,-1,0.011737823486328125,-1
git,0,-1,-1,0.012667655944824219,-1
git,0,-1,-1,0.015776872634887695,-1
git,0,-1,-1,0.012398481369018555,-1
git,0,-1,-1,0.01295018196105957,-1
git,0,-1,-1,0.01465749740600586,-1
git,0,-1,-1,0.013508081436157227,-1
git,0,-1,-1,0.014776229858398438,-1
git,0,-1,-1,0.014746665954589844,-1
git,0,-1,-1,0.012293815612792969,-1
git,0,-1,-1,0.017888784408569336,-1
git,1,-1,-1,0.02247786521911621,-1
git,0,-1,-1,0.0195615291595459,-1
git,0,-1,-1,0.01598811149597168,-1
git,0,-1,-1,0.01258397102355957,-1
git,0,-1,-1,0.011805057525634766,-1
git,1,-1,-1,0.014001131057739258,-1
git,0,-1,-1,0.012110471725463867,-1
git,0,-1,-1,0.011059284210205078,-1
git,0,-1,-1,0.011818408966064453,-1
git,0,-1,-1,0.012025117874145508,-1
git,0,-1,-1,0.011955738067626953,-1
git,0,-1,-1,0.011142969131469727,-1
git,0,-1,-1,0.012346982955932617,-1
git,0,-1,-1,0.01237940788269043,-1
git,0,-1,-1,0.01010274887084961,-1
git,1,-1,-1,0.012264490127563477,-1
git,1,-1,-1,0.012487649917602539,-1
git,0,-1,-1,0.011795997619628906,-1
git,1,-1,-1,0.02282881736755371,-1
git,0,-1,-1,0.01176595687866211,-1
git,0,-1,-1,0.010286331176757812,-1
git,0,-1,-1,0.008328676223754883,-1
git,0,-1,-1,0.008479833602905273,-1
git,0,-1,-1,0.007940292358398438,-1
git,0,-1,-1,0.010590791702270508,-1
git,0,-1,-1,0.014969825744628906,-1
git,0,-1,-1,0.01186370849609375,-1
git,0,-1,-1,0.01642608642578125,-1
git,0,-1,-1,0.016230344772338867,-1
git,0,-1,-1,0.011010885238647461,-1
git,0,-1,-1,0.011555910110473633,-1
git,0,-1,-1,0.015459060668945312,-1
git,0,-1,-1,0.012105703353881836,-1
git,0,-1,-1,0.017557144165039062,-1
git,0,-1,-1,0.011515617370605469,-1
git,0,-1,-1,0.0159757137298584,-1
git,0,-1,-1,0.011522531509399414,-1
git,0,-1,-1,0.017062902450561523,-1
git,0,-1,-1,0.016631126403808594,-1
git,0,-1,-1,0.01559758186340332,-1
git,0,-1,-1,0.01669001579284668,-1
git,0,-1,-1,0.017524242401123047,-1
git,0,-1,-1,0.0178067684173584,-1
git,0,-1,-1,0.01190328598022461,-1
git,0,-1,-1,0.017148971557617188,-1
git,0,-1,-1,0.005724668502807617,-1
git,0,-1,-1,0.006801605224609375,-1
git,0,-1,-1,0.006439208984375,-1
git,0,-1,-1,0.005956172943115234,-1
git,0,-1,-1,0.006360292434692383,-1
git,0,-1,-1,0.010379314422607422,-1
git,0,-1,-1,0.011795282363891602,-1
git,0,-1,-1,0.008840560913085938,-1
git,0,-1,-1,0.007582426071166992,-1
git,0,-1,-1,0.008649587631225586,-1
git,0,-1,-1,0.009602546691894531,-1
git,0,-1,-1,0.009297370910644531,-1
git,0,-1,-1,0.009291648864746094,-1
git,1,-1,-1,0.011959075927734375,-1
git,0,-1,-1,0.007953166961669922,-1
git,0,-1,-1,0.009729146957397461,-1
git,0,-1,-1,0.008704185485839844,-1
git,0,-1,-1,0.008077621459960938,-1
git,1,-1,-1,0.011683464050292969,-1
git,1,-1,-1,0.009912252426147461,-1
git,1,-1,-1,0.008604049682617188,-1
git,0,-1,-1,0.008224248886108398,-1
git,0,-1,-1,0.008600711822509766,-1
git,0,-1,-1,0.006956815719604492,-1
git,0,-1,-1,0.006714820861816406,-1
git,0,-1,-1,0.008149147033691406,-1
git,0,-1,-1,0.008204221725463867,-1
git,0,-1,-1,0.007312774658203125,-1
git,0,-1,-1,0.007180690765380859,-1
git,0,-1,-1,0.00643610954284668,-1
git,0,-1,-1,0.006554365158081055,-1
git,0,-1,-1,0.0066699981689453125,-1
git,0,-1,-1,0.0073337554931640625,-1
git,0,-1,-1,0.0055196285247802734,-1
git,0,-1,-1,0.0043942928314208984,-1
git,0,-1,-1,0.024428844451904297,-1
git,0,-1,-1,0.010443449020385742,-1
git,0,-1,-1,0.008356094360351562,-1
git,0,-1,-1,0.009175777435302734,-1
git,0,-1,-1,0.008541584014892578,-1
git,0,-1,-1,0.008759737014770508,-1
git,1,-1,-1,0.012697219848632812,-1
git,0,-1,-1,0.009369373321533203,-1
git,0,-1,-1,0.009069681167602539,-1
git,0,-1,-1,0.008951663970947266,-1
git,0,-1,-1,0.013176202774047852,-1
git,0,-1,-1,0.01197957992553711,-1
git,0,-1,-1,0.012652158737182617,-1
git,0,-1,-1,0.011412620544433594,-1
git,0,-1,-1,0.01125788688659668,-1
git,0,-1,-1,0.009916067123413086,-1
git,0,-1,-1,0.010396480560302734,-1
git,1,-1,-1,0.02181720733642578,-1
git,0,-1,-1,0.013877630233764648,-1
git,0,-1,-1,0.013986587524414062,-1
git,0,-1,-1,0.01459646224975586,-1
git,0,-1,-1,0.009495735168457031,-1
git,0,-1,-1,0.012951135635375977,-1
git,0,-1,-1,0.014948368072509766,-1
git,0,-1,-1,0.012927055358886719,-1
git,0,-1,-1,0.011730194091796875,-1
git,0,-1,-1,0.00947117805480957,-1
git,1,-1,-1,0.024088144302368164,-1
git,0,-1,-1,0.016872406005859375,-1
git,0,-1,-1,0.010574102401733398,-1
git,0,-1,-1,0.009946823120117188,-1
git,0,-1,-1,0.016025781631469727,-1
git,0,-1,-1,0.011028766632080078,-1
git,0,-1,-1,0.015605688095092773,-1
git,0,-1,-1,0.011275291442871094,-1
git,0,-1,-1,0.014775753021240234,-1
git,0,-1,-1,0.01521921157836914,-1
git,0,-1,-1,0.010063409805297852,-1
git,0,-1,-1,0.01481175422668457,-1
git,0,-1,-1,0.014916419982910156,-1
git,0,-1,-1,0.013712882995605469,-1
git,0,-1,-1,0.016401290893554688,-1
git,0,-1,-1,0.01060628890991211,-1
git,0,-1,-1,0.01357722282409668,-1
git,0,-1,-1,0.012742757797241211,-1
git,0,-1,-1,0.010473966598510742,-1
git,0,-1,-1,0.010493278503417969,-1
git,0,-1,-1,0.015178918838500977,-1
git,0,-1,-1,0.010655403137207031,-1
git,1,-1,-1,0.013419151306152344,-1
git,0,-1,-1,0.01837325096130371,-1
git,0,-1,-1,0.012987852096557617,-1
git,0,-1,-1,0.016466856002807617,-1
git,1,-1,-1,0.018636465072631836,-1
git,0,-1,-1,0.013080835342407227,-1
git,0,-1,-1,0.013011693954467773,-1
git,1,-1,-1,0.02179861068725586,-1
git,0,-1,-1,0.016002178192138672,-1
git,0,-1,-1,0.00965118408203125,-1
git,1,-1,-1,0.01835465431213379,-1
git,0,-1,-1,0.013144493103027344,-1
git,0,-1,-1,0.013112783432006836,-1
git,0,-1,-1,0.017890453338623047,-1
git,0,-1,-1,0.0192716121673584,-1
git,0,-1,-1,0.016928434371948242,-1
git,0,-1,-1,0.013711929321289062,-1
git,0,-1,-1,0.0105133056640625,-1
git,0,-1,-1,0.009476661682128906,-1
git,0,-1,-1,0.010142803192138672,-1
git,0,-1,-1,0.009581565856933594,-1
git,0,-1,-1,0.015246391296386719,-1
git,0,-1,-1,0.015126943588256836,-1
git,0,-1,-1,0.01240992546081543,-1
git,0,-1,-1,0.011719465255737305,-1
git,0,-1,-1,0.011679410934448242,-1
git,0,-1,-1,0.011632204055786133,-1
git,0,-1,-1,0.010331153869628906,-1
git,0,-1,-1,0.012942075729370117,-1
git,0,-1,-1,0.007745981216430664,-1
git,0,-1,-1,0.007724285125732422,-1
git,0,-1,-1,0.007234334945678711,-1
git,0,-1,-1,0.007431507110595703,-1
git,0,-1,-1,0.0073964595794677734,-1
git,0,-1,-1,0.008298873901367188,-1
git,0,-1,-1,0.00794672966003418,-1
git,0,-1,-1,0.007749795913696289,-1
git,0,-1,-1,0.007903099060058594,-1
git,0,-1,-1,0.010917901992797852,-1
git,0,-1,-1,0.007845640182495117,-1
git,0,-1,-1,0.009821891784667969,-1
git,0,-1,-1,0.01193547248840332,-1
git,0,-1,-1,0.00919032096862793,-1
git,1,-1,-1,0.015268564224243164,-1
git,0,-1,-1,0.020975112915039062,-1
git,0,-1,-1,0.0156097412109375,-1
git,0,-1,-1,0.01233363151550293,-1
git,0,-1,-1,0.01127767562866211,-1
git,0,-1,-1,0.014847517013549805,-1
git,0,-1,-1,0.011724472045898438,-1
git,0,-1,-1,0.011445045471191406,-1
git,0,-1,-1,0.013439416885375977,-1
git,0,-1,-1,0.015696287155151367,-1
git,0,-1,-1,0.011896610260009766,-1
git,0,-1,-1,0.012445211410522461,-1
git,0,-1,-1,0.011916160583496094,-1
git,0,-1,-1,0.008811473846435547,-1
git,0,-1,-1,0.011582612991333008,-1
git,0,-1,-1,0.012151718139648438,-1
git,0,-1,-1,0.008602380752563477,-1
git,0,-1,-1,0.009138107299804688,-1
git,0,-1,-1,0.010255813598632812,-1
git,0,-1,-1,0.008340835571289062,-1
git,0,-1,-1,0.008371353149414062,-1
git,0,-1,-1,0.008193731307983398,-1
git,0,-1,-1,0.01043391227722168,-1
git,0,-1,-1,0.01172494888305664,-1
git,0,-1,-1,0.011803627014160156,-1
git,0,-1,-1,0.01035308837890625,-1
git,0,-1,-1,0.009944438934326172,-1
git,0,-1,-1,0.010834693908691406,-1
git,0,-1,-1,0.009418249130249023,-1
git,0,-1,-1,0.010192155838012695,-1
git,1,-1,-1,0.016314983367919922,-1
git,0,-1,-1,0.009353160858154297,-1
git,0,-1,-1,0.016323566436767578,-1
git,0,-1,-1,0.009624004364013672,-1
git,1,-1,-1,0.014457941055297852,-1
git,0,-1,-1,0.009421586990356445,-1
git,1,-1,-1,0.0169064998626709,-1
git,0,-1,-1,0.010163068771362305,-1
git,1,-1,-1,0.01634812355041504,-1
git,0,-1,-1,0.02074265480041504,-1
git,0,-1,-1,0.009257078170776367,-1
git,0,-1,-1,0.009567022323608398,-1
git,0,-1,-1,0.011309623718261719,-1
git,0,-1,-1,0.01274561882019043,-1
git,0,-1,-1,0.010274410247802734,-1
git,0,-1,-1,0.009432554244995117,-1
git,0,-1,-1,0.008992671966552734,-1
git,1,-1,-1,0.010678291320800781,-1
git,1,-1,-1,0.010864496231079102,-1
git,1,-1,-1,0.011286497116088867,-1
git,1,-1,-1,0.011243581771850586,-1
git,1,-1,-1,0.011456727981567383,-1
git,1,-1,-1,0.010915756225585938,-1
git,0,-1,-1,0.010432004928588867,-1
git,0,-1,-1,0.010648965835571289,-1
git,0,-1,-1,0.00989222526550293,-1
git,0,-1,-1,0.008855342864990234,-1
git,0,-1,-1,0.009875774383544922,-1
git,0,-1,-1,0.010863542556762695,-1
git,0,-1,-1,0.010201454162597656,-1
git,0,-1,-1,0.010541915893554688,-1
git,0,-1,-1,0.008484601974487305,-1
git,0,-1,-1,0.010424137115478516,-1
git,0,-1,-1,0.010192155838012695,-1
git,0,-1,-1,0.009397029876708984,-1
git,0,-1,-1,0.010626792907714844,-1
git,0,-1,-1,0.010698556900024414,-1
git,0,-1,-1,0.00716090202331543,-1
git,0,-1,-1,0.007973432540893555,-1
git,0,-1,-1,0.008255481719970703,-1
git,0,-1,-1,0.010399580001831055,-1
git,0,-1,-1,0.008109569549560547,-1
git,0,-1,-1,0.009029388427734375,-1
git,0,-1,-1,0.010572433471679688,-1
git,0,-1,-1,0.00959634780883789,-1
git,0,-1,-1,0.01043701171875,-1
git,0,-1,-1,0.01380157470703125,-1
git,0,-1,-1,0.011458635330200195,-1
git,0,-1,-1,0.01312398910522461,-1
git,1,-1,-1,0.01676321029663086,-1
git,0,-1,-1,0.012782573699951172,-1
git,0,-1,-1,0.010927915573120117,-1
git,0,-1,-1,0.010760068893432617,-1
git,0,-1,-1,0.009313106536865234,-1
git,1,-1,-1,0.011534690856933594,-1
git,0,-1,-1,0.009855985641479492,-1
git,0,-1,-1,0.008279561996459961,-1
git,0,-1,-1,0.00925302505493164,-1
git,0,-1,-1,0.010927438735961914,-1
git,0,-1,-1,0.01015615463256836,-1
git,0,-1,-1,0.009296894073486328,-1
git,0,-1,-1,0.00963282585144043,-1
git,0,-1,-1,0.00959014892578125,-1
git,0,-1,-1,0.008119821548461914,-1
git,1,-1,-1,0.009670019149780273,-1
git,1,-1,-1,0.009903192520141602,-1
git,0,-1,-1,0.0073680877685546875,-1
git,1,-1,-1,0.016690731048583984,-1
git,0,-1,-1,0.013135194778442383,-1
git,0,-1,-1,0.009865522384643555,-1
git,0,-1,-1,0.008596181869506836,-1
git,0,-1,-1,0.00877833366394043,-1
git,0,-1,-1,0.00831294059753418,-1
git,0,-1,-1,0.0116729736328125,-1
git,0,-1,-1,0.01596236228942871,-1
git,0,-1,-1,0.013009309768676758,-1
git,0,-1,-1,0.018400907516479492,-1
git,0,-1,-1,0.01974201202392578,-1
git,0,-1,-1,0.012182950973510742,-1
git,0,-1,-1,0.013208389282226562,-1
git,0,-1,-1,0.018480539321899414,-1
git,0,-1,-1,0.01341700553894043,-1
git,0,-1,-1,0.021229028701782227,-1
git,0,-1,-1,0.013201475143432617,-1
git,0,-1,-1,0.017672061920166016,-1
git,0,-1,-1,0.012003183364868164,-1
git,0,-1,-1,0.017401456832885742,-1
git,0,-1,-1,0.016492128372192383,-1
git,0,-1,-1,0.016088008880615234,-1
git,0,-1,-1,0.016808748245239258,-1
git,0,-1,-1,0.014678239822387695,-1
git,0,-1,-1,0.006774425506591797,-1
git,0,-1,-1,0.00667119026184082,-1
git,0,-1,-1,0.0070269107818603516,-1
git,0,-1,-1,0.007040500640869141,-1
git,0,-1,-1,0.006981372833251953,-1
git,0,-1,-1,0.006795644760131836,-1
git,0,-1,-1,0.0067293643951416016,-1
git,0,-1,-1,0.006498575210571289,-1
git,0,-1,-1,0.010444164276123047,-1
git,0,-1,-1,0.011929035186767578,-1
git,0,-1,-1,0.009052276611328125,-1
git,0,-1,-1,0.008035421371459961,-1
git,0,-1,-1,0.00889134407043457,-1
git,0,-1,-1,0.009385347366333008,-1
git,0,-1,-1,0.009500503540039062,-1
git,0,-1,-1,0.009785652160644531,-1
git,1,-1,-1,0.012066364288330078,-1
git,0,-1,-1,0.007367849349975586,-1
git,0,-1,-1,0.010055065155029297,-1
git,0,-1,-1,0.00891733169555664,-1
git,0,-1,-1,0.008003950119018555,-1
git,1,-1,-1,0.012826204299926758,-1
git,1,-1,-1,0.011632680892944336,-1
git,1,-1,-1,0.00996708869934082,-1
git,0,-1,-1,0.009645938873291016,-1
git,0,-1,-1,0.011121749877929688,-1
git,0,-1,-1,0.008632898330688477,-1
git,0,-1,-1,0.008482933044433594,-1
git,0,-1,-1,0.010825872421264648,-1
git,0,-1,-1,0.010040283203125,-1
git,0,-1,-1,0.006972312927246094,-1
git,0,-1,-1,0.006343841552734375,-1
git,0,-1,-1,0.0070400238037109375,-1
git,0,-1,-1,0.007105827331542969,-1
git,0,-1,-1,0.0073089599609375,-1
git,0,-1,-1,0.007609367370605469,-1
git,0,-1,-1,0.0075685977935791016,-1
git,0,-1,-1,0.006227254867553711,-1
git,0,-1,-1,0.025408506393432617,-1
git,0,-1,-1,0.010784626007080078,-1
git,0,-1,-1,0.008263587951660156,-1
git,0,-1,-1,0.008217811584472656,-1
git,0,-1,-1,0.008216381072998047,-1
git,0,-1,-1,0.009004592895507812,-1
git,1,-1,-1,0.011676788330078125,-1
git,0,-1,-1,0.009223222732543945,-1
git,0,-1,-1,0.009075403213500977,-1
git,0,-1,-1,0.008794546127319336,-1
git,0,-1,-1,0.011729955673217773,-1
git,0,-1,-1,0.01047205924987793,-1
git,0,-1,-1,0.011234521865844727,-1
git,0,-1,-1,0.010032892227172852,-1
git,0,-1,-1,0.010308504104614258,-1
git,0,-1,-1,0.008483409881591797,-1
git,0,-1,-1,0.009051799774169922,-1
git,1,-1,-1,0.019601821899414062,-1
git,0,-1,-1,0.0146636962890625,-1
git,0,-1,-1,0.013947725296020508,-1
git,0,-1,-1,0.014872312545776367,-1
git,0,-1,-1,0.00930476188659668,-1
git,0,-1,-1,0.013105392456054688,-1
git,0,-1,-1,0.015076160430908203,-1
git,0,-1,-1,0.012704133987426758,-1
git,0,-1,-1,0.01302957534790039,-1
git,0,-1,-1,0.010734081268310547,-1
git,1,-1,-1,0.026381731033325195,-1
git,0,-1,-1,0.01746344566345215,-1
git,0,-1,-1,0.010390996932983398,-1
git,0,-1,-1,0.00998544692993164,-1
git,0,-1,-1,0.014596700668334961,-1
git,0,-1,-1,0.010349512100219727,-1
git,0,-1,-1,0.01350712776184082,-1
git,0,-1,-1,0.012276411056518555,-1
git,0,-1,-1,0.01453542709350586,-1
git,0,-1,-1,0.014831304550170898,-1
git,0,-1,-1,0.009930610656738281,-1
git,0,-1,-1,0.014715433120727539,-1
git,0,-1,-1,0.015079498291015625,-1
git,0,-1,-1,0.014337539672851562,-1
git,0,-1,-1,0.016913652420043945,-1
git,0,-1,-1,0.010673761367797852,-1
git,0,-1,-1,0.014408349990844727,-1
git,0,-1,-1,0.012939214706420898,-1
git,0,-1,-1,0.010887861251831055,-1
git,0,-1,-1,0.010671377182006836,-1
git,0,-1,-1,0.014837980270385742,-1
git,0,-1,-1,0.010113716125488281,-1
git,1,-1,-1,0.013458490371704102,-1
git,0,-1,-1,0.017902135848999023,-1
git,0,-1,-1,0.012528181076049805,-1
git,0,-1,-1,0.016814708709716797,-1
git,1,-1,-1,0.020967960357666016,-1
git,0,-1,-1,0.014710187911987305,-1
git,0,-1,-1,0.013173103332519531,-1
git,1,-1,-1,0.022143125534057617,-1
git,0,-1,-1,0.0154266357421875,-1
git,0,-1,-1,0.009505510330200195,-1
git,1,-1,-1,0.017557859420776367,-1
git,0,-1,-1,0.012956857681274414,-1
git,0,-1,-1,0.010708093643188477,-1
git,0,-1,-1,0.012529611587524414,-1
git,0,-1,-1,0.014327764511108398,-1
git,0,-1,-1,0.012115478515625,-1
git,0,-1,-1,0.011617660522460938,-1
git,0,-1,-1,0.009556055068969727,-1
git,0,-1,-1,0.009505510330200195,-1
git,0,-1,-1,0.010805845260620117,-1
git,0,-1,-1,0.014387369155883789,-1
git,0,-1,-1,0.018094778060913086,-1
git,0,-1,-1,0.016377925872802734,-1
git,0,-1,-1,0.012168169021606445,-1
git,0,-1,-1,0.011378288269042969,-1
git,0,-1,-1,0.012715339660644531,-1
git,0,-1,-1,0.011956453323364258,-1
git,0,-1,-1,0.010518550872802734,-1
git,0,-1,-1,0.013124942779541016,-1
git,0,-1,-1,0.011802434921264648,-1
git,0,-1,-1,0.0070650577545166016,-1
git,0,-1,-1,0.006016254425048828,-1
git,0,-1,-1,0.007827281951904297,-1
git,0,-1,-1,0.006604194641113281,-1
git,0,-1,-1,0.007586479187011719,-1
git,0,-1,-1,0.007434368133544922,-1
git,0,-1,-1,0.007411479949951172,-1
git,0,-1,-1,0.008330345153808594,-1
git,0,-1,-1,0.01627182960510254,-1
git,0,-1,-1,0.01095890998840332,-1
git,0,-1,-1,0.010194778442382812,-1
git,0,-1,-1,0.011876106262207031,-1
git,0,-1,-1,0.008929729461669922,-1
git,1,-1,-1,0.014806985855102539,-1
git,0,-1,-1,0.019861936569213867,-1
git,0,-1,-1,0.014403820037841797,-1
git,0,-1,-1,0.011851072311401367,-1
git,0,-1,-1,0.011149406433105469,-1
git,0,-1,-1,0.013714313507080078,-1
git,0,-1,-1,0.012053728103637695,-1
git,0,-1,-1,0.011470317840576172,-1
git,0,-1,-1,0.01282644271850586,-1
git,0,-1,-1,0.01572442054748535,-1
git,0,-1,-1,0.012167692184448242,-1
git,0,-1,-1,0.012183189392089844,-1
git,0,-1,-1,0.011797189712524414,-1
git,0,-1,-1,0.010694742202758789,-1
git,0,-1,-1,0.012449979782104492,-1
git,0,-1,-1,0.011885643005371094,-1
git,0,-1,-1,0.008594989776611328,-1
git,0,-1,-1,0.009105682373046875,-1
git,0,-1,-1,0.010405302047729492,-1
git,0,-1,-1,0.008634328842163086,-1
git,0,-1,-1,0.008315563201904297,-1
git,0,-1,-1,0.00802469253540039,-1
git,0,-1,-1,0.012213468551635742,-1
git,0,-1,-1,0.011159658432006836,-1
git,0,-1,-1,0.01282191276550293,-1
git,0,-1,-1,0.011243820190429688,-1
git,0,-1,-1,0.01070404052734375,-1
git,0,-1,-1,0.011873960494995117,-1
git,0,-1,-1,0.010065078735351562,-1
git,0,-1,-1,0.010854959487915039,-1
git,1,-1,-1,0.017529964447021484,-1
git,0,-1,-1,0.010460615158081055,-1
git,0,-1,-1,0.017091989517211914,-1
git,0,-1,-1,0.010232210159301758,-1
git,1,-1,-1,0.01664280891418457,-1
git,0,-1,-1,0.010025501251220703,-1
git,1,-1,-1,0.016483306884765625,-1
git,0,-1,-1,0.009769916534423828,-1
git,1,-1,-1,0.01564955711364746,-1
git,0,-1,-1,0.020176172256469727,-1
git,0,-1,-1,0.00884389877319336,-1
git,0,-1,-1,0.00933980941772461,-1
git,0,-1,-1,0.010699748992919922,-1
git,0,-1,-1,0.01225590705871582,-1
git,0,-1,-1,0.01061391830444336,-1
git,0,-1,-1,0.009269237518310547,-1
git,0,-1,-1,0.008702993392944336,-1
git,1,-1,-1,0.010773658752441406,-1
git,1,-1,-1,0.010539531707763672,-1
git,1,-1,-1,0.010657787322998047,-1
git,1,-1,-1,0.011909723281860352,-1
git,1,-1,-1,0.011069059371948242,-1
git,1,-1,-1,0.010311603546142578,-1
git,0,-1,-1,0.010366201400756836,-1
git,0,-1,-1,0.010420560836791992,-1
git,0,-1,-1,0.009956598281860352,-1
git,0,-1,-1,0.00919032096862793,-1
git,0,-1,-1,0.009586572647094727,-1
git,0,-1,-1,0.010483980178833008,-1
git,0,-1,-1,0.010569095611572266,-1
git,0,-1,-1,0.009882450103759766,-1
git,0,-1,-1,0.00828099250793457,-1
git,0,-1,-1,0.011775732040405273,-1
git,0,-1,-1,0.009846687316894531,-1
git,0,-1,-1,0.008833169937133789,-1
git,0,-1,-1,0.010291337966918945,-1
git,0,-1,-1,0.010396242141723633,-1
git,0,-1,-1,0.009495735168457031,-1
git,0,-1,-1,0.00901174545288086,-1
git,0,-1,-1,0.008795976638793945,-1
git,0,-1,-1,0.010521173477172852,-1
git,0,-1,-1,0.008539438247680664,-1
git,0,-1,-1,0.009271383285522461,-1
git,0,-1,-1,0.01069498062133789,-1
git,0,-1,-1,0.009957551956176758,-1
git,0,-1,-1,0.011624336242675781,-1
git,0,-1,-1,0.013021230697631836,-1
git,0,-1,-1,0.01202392578125,-1
git,0,-1,-1,0.013988494873046875,-1
git,1,-1,-1,0.0174863338470459,-1
git,0,-1,-1,0.015769481658935547,-1
git,0,-1,-1,0.012889623641967773,-1
git,0,-1,-1,0.012493371963500977,-1
git,0,-1,-1,0.010912895202636719,-1
git,1,-1,-1,0.013498067855834961,-1
git,0,-1,-1,0.011534452438354492,-1
git,0,-1,-1,0.01040792465209961,-1
git,0,-1,-1,0.010869979858398438,-1
git,0,-1,-1,0.01156926155090332,-1
git,0,-1,-1,0.011713027954101562,-1
git,0,-1,-1,0.010365724563598633,-1
git,0,-1,-1,0.011555194854736328,-1
git,0,-1,-1,0.011877298355102539,-1
git,0,-1,-1,0.008599281311035156,-1
git,1,-1,-1,0.007569789886474609,-1
git,1,-1,-1,0.00849604606628418,-1
git,0,-1,-1,0.008029937744140625,-1
git,1,-1,-1,0.01846599578857422,-1
git,0,-1,-1,0.014243364334106445,-1
git,0,-1,-1,0.010799407958984375,-1
git,0,-1,-1,0.009257078170776367,-1
git,0,-1,-1,0.010129213333129883,-1
git,0,-1,-1,0.0095672607421875,-1
git,0,-1,-1,0.01383209228515625,-1
git,0,-1,-1,0.01665043830871582,-1
git,0,-1,-1,0.011684894561767578,-1
git,0,-1,-1,0.01541447639465332,-1
git,0,-1,-1,0.016254186630249023,-1
git,0,-1,-1,0.011509180068969727,-1
git,0,-1,-1,0.012121200561523438,-1
git,0,-1,-1,0.015958309173583984,-1
git,0,-1,-1,0.012495756149291992,-1
git,0,-1,-1,0.017592668533325195,-1
git,0,-1,-1,0.011861801147460938,-1
git,0,-1,-1,0.0159757137298584,-1
git,0,-1,-1,0.011417627334594727,-1
git,0,-1,-1,0.017194509506225586,-1
git,0,-1,-1,0.016683578491210938,-1
git,0,-1,-1,0.007908344268798828,-1
git,0,-1,-1,0.005386829376220703,-1
git,0,-1,-1,0.006649494171142578,-1
git,0,-1,-1,0.006956577301025391,-1
git,0,-1,-1,0.007071018218994141,-1
git,0,-1,-1,0.007235288619995117,-1
git,0,-1,-1,0.006647348403930664,-1
git,0,-1,-1,0.006768941879272461,-1
git,0,-1,-1,0.006838321685791016,-1
git,0,-1,-1,0.007768869400024414,-1
git,0,-1,-1,0.0073740482330322266,-1
git,0,-1,-1,0.011206388473510742,-1
git,0,-1,-1,0.01341700553894043,-1
git,0,-1,-1,0.01019287109375,-1
git,0,-1,-1,0.00828862190246582,-1
git,0,-1,-1,0.009462356567382812,-1
git,0,-1,-1,0.010176658630371094,-1
git,0,-1,-1,0.010115385055541992,-1
git,0,-1,-1,0.009254217147827148,-1
git,1,-1,-1,0.012880563735961914,-1
git,0,-1,-1,0.008127212524414062,-1
git,0,-1,-1,0.010606527328491211,-1
git,0,-1,-1,0.009841203689575195,-1
git,0,-1,-1,0.008742570877075195,-1
git,1,-1,-1,0.01235055923461914,-1
git,1,-1,-1,0.011239051818847656,-1
git,1,-1,-1,0.009091854095458984,-1
git,0,-1,-1,0.008586883544921875,-1
git,0,-1,-1,0.009841203689575195,-1
git,0,-1,-1,0.0075223445892333984,-1
git,0,-1,-1,0.007075071334838867,-1
git,0,-1,-1,0.00867152214050293,-1
git,0,-1,-1,0.006734132766723633,-1
git,0,-1,-1,0.005598545074462891,-1
git,0,-1,-1,0.005360841751098633,-1
git,0,-1,-1,0.005856752395629883,-1
git,0,-1,-1,0.006506919860839844,-1
git,0,-1,-1,0.0066070556640625,-1
git,0,-1,-1,0.006900787353515625,-1
git,0,-1,-1,0.007131338119506836,-1
git,0,-1,-1,0.005437612533569336,-1
git,0,-1,-1,0.025507688522338867,-1
git,0,-1,-1,0.015576362609863281,-1
git,0,-1,-1,0.012367963790893555,-1
git,0,-1,-1,0.012429237365722656,-1
git,0,-1,-1,0.013091325759887695,-1
git,0,-1,-1,0.012802839279174805,-1
git,1,-1,-1,0.020130157470703125,-1
git,0,-1,-1,0.013404130935668945,-1
git,0,-1,-1,0.013018131256103516,-1
git,0,-1,-1,0.012902259826660156,-1
git,0,-1,-1,0.02215433120727539,-1
git,0,-1,-1,0.0205686092376709,-1
git,0,-1,-1,0.02152419090270996,-1
git,0,-1,-1,0.010585546493530273,-1
git,0,-1,-1,0.0076751708984375,-1
git,0,-1,-1,0.007838249206542969,-1
git,0,-1,-1,0.008250713348388672,-1
git,1,-1,-1,0.020231008529663086,-1
git,0,-1,-1,0.014473199844360352,-1
git,0,-1,-1,0.01400303840637207,-1
git,0,-1,-1,0.014842748641967773,-1
git,0,-1,-1,0.010249137878417969,-1
git,0,-1,-1,0.013182640075683594,-1
git,0,-1,-1,0.015520334243774414,-1
git,0,-1,-1,0.013030290603637695,-1
git,0,-1,-1,0.011998176574707031,-1
git,0,-1,-1,0.010318994522094727,-1
git,1,-1,-1,0.025844335556030273,-1
git,0,-1,-1,0.019461870193481445,-1
git,0,-1,-1,0.013419389724731445,-1
git,0,-1,-1,0.011308670043945312,-1
git,0,-1,-1,0.016335725784301758,-1
git,0,-1,-1,0.012485265731811523,-1
git,0,-1,-1,0.015682458877563477,-1
git,0,-1,-1,0.012796163558959961,-1
git,0,-1,-1,0.016621828079223633,-1
git,0,-1,-1,0.016910791397094727,-1
git,0,-1,-1,0.010985136032104492,-1
git,0,-1,-1,0.010176420211791992,-1
git,0,-1,-1,0.010387420654296875,-1
git,0,-1,-1,0.009618997573852539,-1
git,0,-1,-1,0.013280630111694336,-1
git,0,-1,-1,0.009004831314086914,-1
git,0,-1,-1,0.010962963104248047,-1
git,0,-1,-1,0.009731531143188477,-1
git,0,-1,-1,0.009660959243774414,-1
git,0,-1,-1,0.009609460830688477,-1
git,0,-1,-1,0.01269388198852539,-1
git,0,-1,-1,0.009307384490966797,-1
git,1,-1,-1,0.010821104049682617,-1
git,0,-1,-1,0.017575740814208984,-1
git,0,-1,-1,0.012642860412597656,-1
git,0,-1,-1,0.016083955764770508,-1
git,1,-1,-1,0.022558212280273438,-1
git,0,-1,-1,0.013075590133666992,-1
git,0,-1,-1,0.013543128967285156,-1
git,1,-1,-1,0.024410486221313477,-1
git,0,-1,-1,0.015970945358276367,-1
git,0,-1,-1,0.00994110107421875,-1
git,1,-1,-1,0.018825769424438477,-1
git,0,-1,-1,0.01378178596496582,-1
git,0,-1,-1,0.01111292839050293,-1
git,0,-1,-1,0.013240337371826172,-1
git,0,-1,-1,0.012704133987426758,-1
git,0,-1,-1,0.009299516677856445,-1
git,0,-1,-1,0.008500814437866211,-1
git,0,-1,-1,0.00885915756225586,-1
git,0,-1,-1,0.008805274963378906,-1
git,0,-1,-1,0.011234760284423828,-1
git,0,-1,-1,0.013308525085449219,-1
git,0,-1,-1,0.01686263084411621,-1
git,0,-1,-1,0.020813703536987305,-1
git,0,-1,-1,0.016832828521728516,-1
git,0,-1,-1,0.01650857925415039,-1
git,0,-1,-1,0.016624927520751953,-1
git,0,-1,-1,0.016326427459716797,-1
git,0,-1,-1,0.01649928092956543,-1
git,0,-1,-1,0.01864790916442871,-1
git,0,-1,-1,0.012210845947265625,-1
git,0,-1,-1,0.011576652526855469,-1
git,0,-1,-1,0.011358976364135742,-1
git,0,-1,-1,0.010689973831176758,-1
git,0,-1,-1,0.010244369506835938,-1
git,0,-1,-1,0.011448144912719727,-1
git,0,-1,-1,0.01106882095336914,-1
git,0,-1,-1,0.010553836822509766,-1
git,0,-1,-1,0.0091552734375,-1
git,0,-1,-1,0.012485265731811523,-1
git,0,-1,-1,0.00997161865234375,-1
git,0,-1,-1,0.012395858764648438,-1
git,0,-1,-1,0.014831066131591797,-1
git,0,-1,-1,0.012749433517456055,-1
git,1,-1,-1,0.019938945770263672,-1
git,0,-1,-1,0.02704930305480957,-1
git,0,-1,-1,0.016947031021118164,-1
git,0,-1,-1,0.014339208602905273,-1
git,0,-1,-1,0.01273345947265625,-1
git,0,-1,-1,0.016235828399658203,-1
git,0,-1,-1,0.013839244842529297,-1
git,0,-1,-1,0.013077974319458008,-1
git,0,-1,-1,0.015541315078735352,-1
git,0,-1,-1,0.01746511459350586,-1
git,0,-1,-1,0.011251449584960938,-1
git,0,-1,-1,0.012100934982299805,-1
git,0,-1,-1,0.011400222778320312,-1
git,0,-1,-1,0.011121749877929688,-1
git,0,-1,-1,0.014371395111083984,-1
git,0,-1,-1,0.014826774597167969,-1
git,0,-1,-1,0.007478475570678711,-1
git,0,-1,-1,0.007092952728271484,-1
git,0,-1,-1,0.009451150894165039,-1
git,0,-1,-1,0.00791788101196289,-1
git,0,-1,-1,0.00791478157043457,-1
git,0,-1,-1,0.008507490158081055,-1
git,0,-1,-1,0.010212182998657227,-1
git,0,-1,-1,0.011088132858276367,-1
git,0,-1,-1,0.01259160041809082,-1
git,0,-1,-1,0.010701894760131836,-1
git,0,-1,-1,0.010492563247680664,-1
git,0,-1,-1,0.011719465255737305,-1
git,0,-1,-1,0.011956930160522461,-1
git,0,-1,-1,0.013365507125854492,-1
git,1,-1,-1,0.024255037307739258,-1
git,0,-1,-1,0.010428905487060547,-1
git,0,-1,-1,0.015191316604614258,-1
git,0,-1,-1,0.009648799896240234,-1
git,1,-1,-1,0.014885187149047852,-1
git,0,-1,-1,0.008770942687988281,-1
git,1,-1,-1,0.014552116394042969,-1
git,0,-1,-1,0.009198188781738281,-1
git,1,-1,-1,0.014278411865234375,-1
git,0,-1,-1,0.019327402114868164,-1
git,0,-1,-1,0.009444713592529297,-1
git,0,-1,-1,0.01075434684753418,-1
git,0,-1,-1,0.009210348129272461,-1
git,0,-1,-1,0.011238813400268555,-1
git,0,-1,-1,0.009010553359985352,-1
git,0,-1,-1,0.008760213851928711,-1
git,0,-1,-1,0.008133888244628906,-1
git,1,-1,-1,0.009447097778320312,-1
git,1,-1,-1,0.009646177291870117,-1
git,1,-1,-1,0.010286569595336914,-1
git,1,-1,-1,0.010093212127685547,-1
git,1,-1,-1,0.009915590286254883,-1
git,1,-1,-1,0.00946664810180664,-1
git,0,-1,-1,0.00930929183959961,-1
git,0,-1,-1,0.009531497955322266,-1
git,0,-1,-1,0.009076118469238281,-1
git,0,-1,-1,0.009997844696044922,-1
git,0,-1,-1,0.010538339614868164,-1
git,0,-1,-1,0.011527061462402344,-1
git,0,-1,-1,0.011240482330322266,-1
git,0,-1,-1,0.010548591613769531,-1
git,0,-1,-1,0.008927106857299805,-1
git,0,-1,-1,0.011176347732543945,-1
git,0,-1,-1,0.010781526565551758,-1
git,0,-1,-1,0.009674310684204102,-1
git,0,-1,-1,0.013035297393798828,-1
git,0,-1,-1,0.012720823287963867,-1
git,0,-1,-1,0.01213693618774414,-1
git,0,-1,-1,0.011394023895263672,-1
git,0,-1,-1,0.012227058410644531,-1
git,0,-1,-1,0.012022972106933594,-1
git,0,-1,-1,0.008852720260620117,-1
git,0,-1,-1,0.011044740676879883,-1
git,0,-1,-1,0.015305519104003906,-1
git,0,-1,-1,0.014174222946166992,-1
git,0,-1,-1,0.016462087631225586,-1
git,0,-1,-1,0.018770694732666016,-1
git,0,-1,-1,0.017395973205566406,-1
git,0,-1,-1,0.012967824935913086,-1
git,1,-1,-1,0.015130281448364258,-1
git,0,-1,-1,0.013351202011108398,-1
git,0,-1,-1,0.011228084564208984,-1
git,0,-1,-1,0.010682344436645508,-1
git,0,-1,-1,0.009557485580444336,-1
git,1,-1,-1,0.011361837387084961,-1
git,0,-1,-1,0.009698867797851562,-1
git,0,-1,-1,0.008654356002807617,-1
git,0,-1,-1,0.009846687316894531,-1
git,0,-1,-1,0.010267019271850586,-1
git,0,-1,-1,0.010608911514282227,-1
git,0,-1,-1,0.00984501838684082,-1
git,0,-1,-1,0.010526180267333984,-1
git,0,-1,-1,0.01150059700012207,-1
git,0,-1,-1,0.008424997329711914,-1
git,1,-1,-1,0.007022857666015625,-1
git,1,-1,-1,0.009125709533691406,-1
git,0,-1,-1,0.00751042366027832,-1
git,1,-1,-1,0.016723155975341797,-1
git,0,-1,-1,0.013696432113647461,-1
git,0,-1,-1,0.010347366333007812,-1
git,0,-1,-1,0.008331298828125,-1
git,0,-1,-1,0.008596658706665039,-1
git,0,-1,-1,0.0081787109375,-1
git,0,-1,-1,0.010866165161132812,-1
git,0,-1,-1,0.016223907470703125,-1
git,0,-1,-1,0.012407302856445312,-1
git,0,-1,-1,0.017340421676635742,-1
git,0,-1,-1,0.01769566535949707,-1
git,0,-1,-1,0.012227773666381836,-1
git,0,-1,-1,0.013660430908203125,-1
git,0,-1,-1,0.01801300048828125,-1
git,0,-1,-1,0.013825654983520508,-1
git,0,-1,-1,0.01995253562927246,-1
git,0,-1,-1,0.012752771377563477,-1
git,0,-1,-1,0.01780557632446289,-1
git,0,-1,-1,0.013631343841552734,-1
git,0,-1,-1,0.019078731536865234,-1
git,0,-1,-1,0.01836228370666504,-1
git,0,-1,-1,0.01511526107788086,-1
git,0,-1,-1,0.006061077117919922,-1
git,0,-1,-1,0.007419109344482422,-1
git,0,-1,-1,0.00792384147644043,-1
git,0,-1,-1,0.007509946823120117,-1
git,0,-1,-1,0.007846355438232422,-1
git,0,-1,-1,0.007532835006713867,-1
git,0,-1,-1,0.007721662521362305,-1
git,0,-1,-1,0.007818460464477539,-1
git,0,-1,-1,0.0075304508209228516,-1
git,0,-1,-1,0.007701873779296875,-1
git,0,-1,-1,0.011679649353027344,-1
git,0,-1,-1,0.013230562210083008,-1
git,0,-1,-1,0.00968480110168457,-1
git,0,-1,-1,0.008403301239013672,-1
git,0,-1,-1,0.009561300277709961,-1
git,0,-1,-1,0.01036834716796875,-1
git,0,-1,-1,0.010040521621704102,-1
git,0,-1,-1,0.009194374084472656,-1
git,1,-1,-1,0.013027191162109375,-1
git,0,-1,-1,0.00816035270690918,-1
git,0,-1,-1,0.010605096817016602,-1
git,0,-1,-1,0.009750127792358398,-1
git,0,-1,-1,0.009071826934814453,-1
git,1,-1,-1,0.012427806854248047,-1
git,1,-1,-1,0.011179685592651367,-1
git,1,-1,-1,0.009322643280029297,-1
git,0,-1,-1,0.008871078491210938,-1
git,0,-1,-1,0.009392499923706055,-1
git,0,-1,-1,0.007558345794677734,-1
git,0,-1,-1,0.007376194000244141,-1
git,0,-1,-1,0.007109880447387695,-1
git,0,-1,-1,0.00641942024230957,-1
git,0,-1,-1,0.005812644958496094,-1
git,0,-1,-1,0.005719184875488281,-1
git,0,-1,-1,0.006119728088378906,-1
git,0,-1,-1,0.006247520446777344,-1
git,0,-1,-1,0.006356954574584961,-1
git,0,-1,-1,0.006675004959106445,-1
git,0,-1,-1,0.006721973419189453,-1
git,0,-1,-1,0.005134105682373047,-1
git,0,-1,-1,0.026073217391967773,-1
git,0,-1,-1,0.015484809875488281,-1
git,0,-1,-1,0.015105247497558594,-1
git,0,-1,-1,0.012447834014892578,-1
git,0,-1,-1,0.01244807243347168,-1
git,0,-1,-1,0.0132598876953125,-1
git,1,-1,-1,0.020238876342773438,-1
git,0,-1,-1,0.013452291488647461,-1
git,0,-1,-1,0.013416528701782227,-1
git,0,-1,-1,0.0106964111328125,-1
git,0,-1,-1,0.00966334342956543,-1
git,0,-1,-1,0.00762486457824707,-1
git,0,-1,-1,0.009118795394897461,-1
git,0,-1,-1,0.009411096572875977,-1
git,0,-1,-1,0.008667945861816406,-1
git,0,-1,-1,0.007584810256958008,-1
git,0,-1,-1,0.008279085159301758,-1
git,1,-1,-1,0.01881265640258789,-1
git,0,-1,-1,0.013388872146606445,-1
git,0,-1,-1,0.012933492660522461,-1
git,0,-1,-1,0.01395726203918457,-1
git,0,-1,-1,0.009315013885498047,-1
git,0,-1,-1,0.012708902359008789,-1
git,0,-1,-1,0.015308618545532227,-1
git,0,-1,-1,0.012787342071533203,-1
git,0,-1,-1,0.011854887008666992,-1
git,0,-1,-1,0.009706497192382812,-1
git,1,-1,-1,0.024942636489868164,-1
git,0,-1,-1,0.01950216293334961,-1
git,0,-1,-1,0.011495351791381836,-1
git,0,-1,-1,0.01116633415222168,-1
git,0,-1,-1,0.0168302059173584,-1
git,0,-1,-1,0.011426448822021484,-1
git,0,-1,-1,0.01534581184387207,-1
git,0,-1,-1,0.012609004974365234,-1
git,0,-1,-1,0.013847827911376953,-1
git,0,-1,-1,0.009969234466552734,-1
git,0,-1,-1,0.007821083068847656,-1
git,0,-1,-1,0.01043701171875,-1
git,0,-1,-1,0.010582923889160156,-1
git,0,-1,-1,0.01018071174621582,-1
git,0,-1,-1,0.012524604797363281,-1
git,0,-1,-1,0.008773088455200195,-1
git,0,-1,-1,0.010945558547973633,-1
git,0,-1,-1,0.009696006774902344,-1
git,0,-1,-1,0.00966191291809082,-1
git,0,-1,-1,0.010652303695678711,-1
git,0,-1,-1,0.012076377868652344,-1
git,0,-1,-1,0.00895547866821289,-1
git,1,-1,-1,0.010722875595092773,-1
git,0,-1,-1,0.016462087631225586,-1
git,0,-1,-1,0.011786460876464844,-1
git,0,-1,-1,0.015419960021972656,-1
git,1,-1,-1,0.021325111389160156,-1
git,0,-1,-1,0.014222145080566406,-1
git,0,-1,-1,0.014252185821533203,-1
git,1,-1,-1,0.022710323333740234,-1
git,0,-1,-1,0.015411138534545898,-1
git,0,-1,-1,0.010043621063232422,-1
git,1,-1,-1,0.01898813247680664,-1
git,0,-1,-1,0.013686656951904297,-1
git,0,-1,-1,0.011043548583984375,-1
git,0,-1,-1,0.009176969528198242,-1
git,0,-1,-1,0.010445594787597656,-1
git,0,-1,-1,0.008463382720947266,-1
git,0,-1,-1,0.007832527160644531,-1
git,0,-1,-1,0.007734537124633789,-1
git,0,-1,-1,0.007900238037109375,-1
git,0,-1,-1,0.007722616195678711,-1
git,0,-1,-1,0.00796651840209961,-1
git,0,-1,-1,0.010256767272949219,-1
git,0,-1,-1,0.01258707046508789,-1
git,0,-1,-1,0.01007699966430664,-1
git,0,-1,-1,0.010907888412475586,-1
git,0,-1,-1,0.010693073272705078,-1
git,0,-1,-1,0.01002812385559082,-1
git,0,-1,-1,0.010799407958984375,-1
git,0,-1,-1,0.011982917785644531,-1
git,0,-1,-1,0.01046609878540039,-1
git,0,-1,-1,0.010236740112304688,-1
git,0,-1,-1,0.010226011276245117,-1
git,0,-1,-1,0.00872945785522461,-1
git,0,-1,-1,0.008894681930541992,-1
git,0,-1,-1,0.00948786735534668,-1
git,0,-1,-1,0.008898258209228516,-1
git,0,-1,-1,0.009017467498779297,-1
git,0,-1,-1,0.008907079696655273,-1
git,0,-1,-1,0.013002395629882812,-1
git,0,-1,-1,0.009242534637451172,-1
git,0,-1,-1,0.011894941329956055,-1
git,0,-1,-1,0.014025688171386719,-1
git,0,-1,-1,0.01020359992980957,-1
git,1,-1,-1,0.01302027702331543,-1
git,0,-1,-1,0.0188753604888916,-1
git,0,-1,-1,0.01471257209777832,-1
git,0,-1,-1,0.011570930480957031,-1
git,0,-1,-1,0.010669946670532227,-1
git,0,-1,-1,0.013376474380493164,-1
git,0,-1,-1,0.011711835861206055,-1
git,0,-1,-1,0.011420965194702148,-1
git,0,-1,-1,0.01256871223449707,-1
git,0,-1,-1,0.015125513076782227,-1
git,0,-1,-1,0.011748313903808594,-1
git,0,-1,-1,0.01188039779663086,-1
git,0,-1,-1,0.011346101760864258,-1
git,0,-1,-1,0.009979963302612305,-1
git,0,-1,-1,0.014349222183227539,-1
git,0,-1,-1,0.014791250228881836,-1
git,0,-1,-1,0.011197805404663086,-1
git,0,-1,-1,0.01170039176940918,-1
git,0,-1,-1,0.012832880020141602,-1
git,0,-1,-1,0.011295080184936523,-1
git,0,-1,-1,0.011237382888793945,-1
git,0,-1,-1,0.0094146728515625,-1
git,0,-1,-1,0.012977361679077148,-1
git,0,-1,-1,0.012093305587768555,-1
git,0,-1,-1,0.012250423431396484,-1
git,0,-1,-1,0.01098179817199707,-1
git,0,-1,-1,0.009455204010009766,-1
git,0,-1,-1,0.007864236831665039,-1
git,0,-1,-1,0.007684230804443359,-1
git,0,-1,-1,0.008784055709838867,-1
git,1,-1,-1,0.01278233528137207,-1
git,0,-1,-1,0.008222818374633789,-1
git,0,-1,-1,0.012389659881591797,-1
git,0,-1,-1,0.008317232131958008,-1
git,1,-1,-1,0.012440919876098633,-1
git,0,-1,-1,0.007714033126831055,-1
git,1,-1,-1,0.012501239776611328,-1
git,0,-1,-1,0.008111953735351562,-1
git,1,-1,-1,0.011543035507202148,-1
git,0,-1,-1,0.017381906509399414,-1
git,0,-1,-1,0.00916147232055664,-1
git,0,-1,-1,0.009450674057006836,-1
git,0,-1,-1,0.010872125625610352,-1
git,0,-1,-1,0.012299776077270508,-1
git,0,-1,-1,0.010035037994384766,-1
git,0,-1,-1,0.009958744049072266,-1
git,0,-1,-1,0.00900578498840332,-1
git,1,-1,-1,0.009963512420654297,-1
git,1,-1,-1,0.010195255279541016,-1
git,1,-1,-1,0.010356903076171875,-1
git,1,-1,-1,0.010737895965576172,-1
git,1,-1,-1,0.010642766952514648,-1
git,1,-1,-1,0.010209321975708008,-1
git,0,-1,-1,0.009638786315917969,-1
git,0,-1,-1,0.007769346237182617,-1
git,0,-1,-1,0.006356954574584961,-1
git,0,-1,-1,0.006624460220336914,-1
git,0,-1,-1,0.0061686038970947266,-1
git,0,-1,-1,0.006803035736083984,-1
git,0,-1,-1,0.006814241409301758,-1
git,0,-1,-1,0.006481647491455078,-1
git,0,-1,-1,0.0062046051025390625,-1
git,0,-1,-1,0.006989479064941406,-1
git,0,-1,-1,0.007831811904907227,-1
git,0,-1,-1,0.006941556930541992,-1
git,0,-1,-1,0.007266521453857422,-1
git,0,-1,-1,0.007278919219970703,-1
git,0,-1,-1,0.006240367889404297,-1
git,0,-1,-1,0.007696866989135742,-1
git,0,-1,-1,0.007972478866577148,-1
git,0,-1,-1,0.009883642196655273,-1
git,0,-1,-1,0.00783085823059082,-1
git,0,-1,-1,0.008679389953613281,-1
git,0,-1,-1,0.009407997131347656,-1
git,0,-1,-1,0.008588552474975586,-1
git,0,-1,-1,0.00949716567993164,-1
git,0,-1,-1,0.011597871780395508,-1
git,0,-1,-1,0.010629653930664062,-1
git,0,-1,-1,0.011808156967163086,-1
git,1,-1,-1,0.01497197151184082,-1
git,0,-1,-1,0.012987136840820312,-1
git,0,-1,-1,0.010923147201538086,-1
git,0,-1,-1,0.010329723358154297,-1
git,0,-1,-1,0.009006977081298828,-1
git,1,-1,-1,0.011262178421020508,-1
git,0,-1,-1,0.00999760627746582,-1
git,0,-1,-1,0.007535457611083984,-1
git,0,-1,-1,0.007549762725830078,-1
git,0,-1,-1,0.008027076721191406,-1
git,0,-1,-1,0.007468700408935547,-1
git,0,-1,-1,0.007846593856811523,-1
git,0,-1,-1,0.007924079895019531,-1
git,0,-1,-1,0.007885456085205078,-1
git,0,-1,-1,0.007101774215698242,-1
git,1,-1,-1,0.008020639419555664,-1
git,1,-1,-1,0.008577108383178711,-1
git,0,-1,-1,0.007469892501831055,-1
git,1,-1,-1,0.016369342803955078,-1
git,0,-1,-1,0.012008428573608398,-1
git,0,-1,-1,0.009848594665527344,-1
git,0,-1,-1,0.008950233459472656,-1
git,0,-1,-1,0.009137630462646484,-1
git,0,-1,-1,0.00870370864868164,-1
git,0,-1,-1,0.011499166488647461,-1
git,0,-1,-1,0.01565718650817871,-1
git,0,-1,-1,0.011985301971435547,-1
git,0,-1,-1,0.01774430274963379,-1
git,0,-1,-1,0.0172421932220459,-1
git,0,-1,-1,0.01145482063293457,-1
git,0,-1,-1,0.012668609619140625,-1
git,0,-1,-1,0.01676321029663086,-1
git,0,-1,-1,0.012696981430053711,-1
git,0,-1,-1,0.018748760223388672,-1
git,0,-1,-1,0.01196742057800293,-1
git,0,-1,-1,0.01699995994567871,-1
git,0,-1,-1,0.006461381912231445,-1
git,0,-1,-1,0.0068776607513427734,-1
git,0,-1,-1,0.00615239143371582,-1
git,0,-1,-1,0.006452798843383789,-1
git,0,-1,-1,0.0060672760009765625,-1
git,0,-1,-1,0.007348775863647461,-1
git,0,-1,-1,0.007800102233886719,-1
git,0,-1,-1,0.007130622863769531,-1
git,0,-1,-1,0.007476806640625,-1
git,0,-1,-1,0.007268190383911133,-1
git,0,-1,-1,0.007203102111816406,-1
git,0,-1,-1,0.007115364074707031,-1
git,0,-1,-1,0.007214546203613281,-1
git,0,-1,-1,0.0070536136627197266,-1
git,0,-1,-1,0.010779142379760742,-1
git,0,-1,-1,0.01219630241394043,-1
git,0,-1,-1,0.008898735046386719,-1
git,0,-1,-1,0.007538557052612305,-1
git,0,-1,-1,0.008804559707641602,-1
git,0,-1,-1,0.00916147232055664,-1
git,0,-1,-1,0.00928950309753418,-1
git,0,-1,-1,0.008666038513183594,-1
git,1,-1,-1,0.011801004409790039,-1
git,0,-1,-1,0.007487058639526367,-1
git,0,-1,-1,0.009782075881958008,-1
git,0,-1,-1,0.00884103775024414,-1
git,0,-1,-1,0.008162975311279297,-1
git,1,-1,-1,0.011868000030517578,-1
git,1,-1,-1,0.009993314743041992,-1
git,1,-1,-1,0.00873708724975586,-1
git,0,-1,-1,0.008170127868652344,-1
git,0,-1,-1,0.008644819259643555,-1
git,0,-1,-1,0.007023334503173828,-1
git,0,-1,-1,0.00625920295715332,-1
git,0,-1,-1,0.006039619445800781,-1
git,0,-1,-1,0.006224155426025391,-1
git,0,-1,-1,0.005602359771728516,-1
git,0,-1,-1,0.005394697189331055,-1
git,0,-1,-1,0.005857706069946289,-1
git,0,-1,-1,0.005651712417602539,-1
git,0,-1,-1,0.005861759185791016,-1
git,0,-1,-1,0.006703615188598633,-1
git,0,-1,-1,0.006241321563720703,-1
git,0,-1,-1,0.004717350006103516,-1
git,0,-1,-1,0.02588200569152832,-1
git,0,-1,-1,0.01553654670715332,-1
git,0,-1,-1,0.012481451034545898,-1
git,0,-1,-1,0.013198137283325195,-1
git,0,-1,-1,0.014420747756958008,-1
git,0,-1,-1,0.014084100723266602,-1
git,1,-1,-1,0.01934361457824707,-1
git,0,-1,-1,0.014097213745117188,-1
git,0,-1,-1,0.012878894805908203,-1
git,0,-1,-1,0.012615680694580078,-1
git,0,-1,-1,0.020003557205200195,-1
git,0,-1,-1,0.019505739212036133,-1
git,0,-1,-1,0.0193941593170166,-1
git,0,-1,-1,0.019717931747436523,-1
git,0,-1,-1,0.018026351928710938,-1
git,0,-1,-1,0.012728452682495117,-1
git,0,-1,-1,0.010132074356079102,-1
git,1,-1,-1,0.017500877380371094,-1
git,0,-1,-1,0.01325082778930664,-1
git,0,-1,-1,0.012837648391723633,-1
git,0,-1,-1,0.014871835708618164,-1
git,0,-1,-1,0.009979009628295898,-1
git,0,-1,-1,0.013059616088867188,-1
git,0,-1,-1,0.015358924865722656,-1
git,0,-1,-1,0.013147115707397461,-1
git,0,-1,-1,0.010663986206054688,-1
git,0,-1,-1,0.009096384048461914,-1
git,1,-1,-1,0.0239560604095459,-1
git,0,-1,-1,0.018778324127197266,-1
git,0,-1,-1,0.010862588882446289,-1
git,0,-1,-1,0.010887861251831055,-1
git,0,-1,-1,0.01623702049255371,-1
git,0,-1,-1,0.01070857048034668,-1
git,0,-1,-1,0.0165860652923584,-1
git,0,-1,-1,0.011322498321533203,-1
git,0,-1,-1,0.015478372573852539,-1
git,0,-1,-1,0.015718698501586914,-1
git,0,-1,-1,0.010470867156982422,-1
git,0,-1,-1,0.015362262725830078,-1
git,0,-1,-1,0.015086889266967773,-1
git,0,-1,-1,0.014565706253051758,-1
git,0,-1,-1,0.012409687042236328,-1
git,0,-1,-1,0.008333921432495117,-1
git,0,-1,-1,0.009166240692138672,-1
git,0,-1,-1,0.00768589973449707,-1
git,0,-1,-1,0.008327245712280273,-1
git,0,-1,-1,0.008360624313354492,-1
git,0,-1,-1,0.01083683967590332,-1
git,0,-1,-1,0.008092403411865234,-1
git,1,-1,-1,0.009760141372680664,-1
git,0,-1,-1,0.017103910446166992,-1
git,0,-1,-1,0.011547327041625977,-1
git,0,-1,-1,0.014718770980834961,-1
git,1,-1,-1,0.021801471710205078,-1
git,0,-1,-1,0.013490915298461914,-1
git,0,-1,-1,0.013468503952026367,-1
git,1,-1,-1,0.022127389907836914,-1
git,0,-1,-1,0.015540838241577148,-1
git,0,-1,-1,0.010142087936401367,-1
git,1,-1,-1,0.017929792404174805,-1
git,0,-1,-1,0.013130426406860352,-1
git,0,-1,-1,0.0107421875,-1
git,0,-1,-1,0.012800455093383789,-1
git,0,-1,-1,0.014368295669555664,-1
git,0,-1,-1,0.012819528579711914,-1
git,0,-1,-1,0.01211237907409668,-1
git,0,-1,-1,0.009531736373901367,-1
git,0,-1,-1,0.009499073028564453,-1
git,0,-1,-1,0.009768009185791016,-1
git,0,-1,-1,0.007026195526123047,-1
git,0,-1,-1,0.008722066879272461,-1
git,0,-1,-1,0.011420488357543945,-1
git,0,-1,-1,0.009284496307373047,-1
git,0,-1,-1,0.009002923965454102,-1
git,0,-1,-1,0.0093231201171875,-1
git,0,-1,-1,0.009302854537963867,-1
git,0,-1,-1,0.009329080581665039,-1
git,0,-1,-1,0.010378837585449219,-1
git,0,-1,-1,0.009239912033081055,-1
git,0,-1,-1,0.009310245513916016,-1
git,0,-1,-1,0.009281158447265625,-1
git,0,-1,-1,0.008734464645385742,-1
git,0,-1,-1,0.00819253921508789,-1
git,0,-1,-1,0.0089569091796875,-1
git,0,-1,-1,0.00848841667175293,-1
git,0,-1,-1,0.008442401885986328,-1
git,0,-1,-1,0.008579492568969727,-1
git,0,-1,-1,0.012384414672851562,-1
git,0,-1,-1,0.008308887481689453,-1
git,0,-1,-1,0.011001348495483398,-1
git,0,-1,-1,0.013961315155029297,-1
git,0,-1,-1,0.01046609878540039,-1
git,1,-1,-1,0.015212774276733398,-1
git,0,-1,-1,0.019301176071166992,-1
git,0,-1,-1,0.014886140823364258,-1
git,0,-1,-1,0.013676643371582031,-1
git,0,-1,-1,0.011176109313964844,-1
git,0,-1,-1,0.010139703750610352,-1
git,0,-1,-1,0.007375955581665039,-1
git,0,-1,-1,0.009644269943237305,-1
git,0,-1,-1,0.009185791015625,-1
git,0,-1,-1,0.014922380447387695,-1
git,0,-1,-1,0.011982202529907227,-1
git,0,-1,-1,0.011355876922607422,-1
git,0,-1,-1,0.011008501052856445,-1
git,0,-1,-1,0.009737253189086914,-1
git,0,-1,-1,0.014242410659790039,-1
git,0,-1,-1,0.014290332794189453,-1
git,0,-1,-1,0.010488510131835938,-1
git,0,-1,-1,0.010198831558227539,-1
git,0,-1,-1,0.011906862258911133,-1
git,0,-1,-1,0.009657621383666992,-1
git,0,-1,-1,0.010068416595458984,-1
git,0,-1,-1,0.00888371467590332,-1
git,0,-1,-1,0.011478900909423828,-1
git,0,-1,-1,0.011230945587158203,-1
git,0,-1,-1,0.011993885040283203,-1
git,0,-1,-1,0.010576248168945312,-1
git,0,-1,-1,0.00968170166015625,-1
git,0,-1,-1,0.012038469314575195,-1
git,0,-1,-1,0.009779214859008789,-1
git,0,-1,-1,0.010719060897827148,-1
git,1,-1,-1,0.017471790313720703,-1
git,0,-1,-1,0.009807348251342773,-1
git,0,-1,-1,0.01255178451538086,-1
git,0,-1,-1,0.0078887939453125,-1
git,1,-1,-1,0.010046958923339844,-1
git,0,-1,-1,0.007024288177490234,-1
git,1,-1,-1,0.010828733444213867,-1
git,0,-1,-1,0.007937908172607422,-1
git,1,-1,-1,0.01440572738647461,-1
git,0,-1,-1,0.02242255210876465,-1
git,0,-1,-1,0.010924577713012695,-1
git,0,-1,-1,0.01045536994934082,-1
git,0,-1,-1,0.011858940124511719,-1
git,0,-1,-1,0.013785362243652344,-1
git,0,-1,-1,0.011020183563232422,-1
git,0,-1,-1,0.010080814361572266,-1
git,0,-1,-1,0.009466886520385742,-1
git,1,-1,-1,0.011215925216674805,-1
git,1,-1,-1,0.011383295059204102,-1
git,1,-1,-1,0.011864185333251953,-1
git,1,-1,-1,0.011820077896118164,-1
git,1,-1,-1,0.01200556755065918,-1
git,1,-1,-1,0.011675596237182617,-1
git,0,-1,-1,0.010961532592773438,-1
git,0,-1,-1,0.01267099380493164,-1
git,0,-1,-1,0.011673450469970703,-1
git,0,-1,-1,0.010268449783325195,-1
git,0,-1,-1,0.009715795516967773,-1
git,0,-1,-1,0.00986170768737793,-1
git,0,-1,-1,0.009033203125,-1
git,0,-1,-1,0.00902414321899414,-1
git,0,-1,-1,0.0090179443359375,-1
git,0,-1,-1,0.00976109504699707,-1
git,0,-1,-1,0.011078357696533203,-1
git,0,-1,-1,0.010121583938598633,-1
git,0,-1,-1,0.010256290435791016,-1
git,0,-1,-1,0.009775400161743164,-1
git,0,-1,-1,0.008897066116333008,-1
git,0,-1,-1,0.010624408721923828,-1
git,0,-1,-1,0.011262893676757812,-1
git,0,-1,-1,0.013634681701660156,-1
git,0,-1,-1,0.010788202285766602,-1
git,0,-1,-1,0.012326240539550781,-1
git,0,-1,-1,0.013195991516113281,-1
git,0,-1,-1,0.012151718139648438,-1
git,0,-1,-1,0.013568639755249023,-1
git,0,-1,-1,0.01597905158996582,-1
git,0,-1,-1,0.015208721160888672,-1
git,0,-1,-1,0.017771244049072266,-1
git,1,-1,-1,0.02134990692138672,-1
git,0,-1,-1,0.017067909240722656,-1
git,0,-1,-1,0.013472557067871094,-1
git,0,-1,-1,0.012792587280273438,-1
git,0,-1,-1,0.012155771255493164,-1
git,1,-1,-1,0.014171600341796875,-1
git,0,-1,-1,0.011945962905883789,-1
git,0,-1,-1,0.010529279708862305,-1
git,0,-1,-1,0.01241755485534668,-1
git,0,-1,-1,0.011998414993286133,-1
git,0,-1,-1,0.011969566345214844,-1
git,0,-1,-1,0.011358499526977539,-1
git,0,-1,-1,0.012546300888061523,-1
git,0,-1,-1,0.012284040451049805,-1
git,0,-1,-1,0.010241508483886719,-1
git,1,-1,-1,0.012435197830200195,-1
git,1,-1,-1,0.012712478637695312,-1
git,0,-1,-1,0.011067867279052734,-1
git,1,-1,-1,0.024858951568603516,-1
git,0,-1,-1,0.015429973602294922,-1
git,0,-1,-1,0.013862848281860352,-1
git,0,-1,-1,0.012263059616088867,-1
git,0,-1,-1,0.012825250625610352,-1
git,0,-1,-1,0.010171890258789062,-1
git,0,-1,-1,0.010524749755859375,-1
git,0,-1,-1,0.01316070556640625,-1
git,0,-1,-1,0.010955572128295898,-1
git,0,-1,-1,0.014526605606079102,-1
git,0,-1,-1,0.015129804611206055,-1
git,0,-1,-1,0.010625123977661133,-1
git,0,-1,-1,0.011568784713745117,-1
git,0,-1,-1,0.015069246292114258,-1
git,0,-1,-1,0.012385129928588867,-1
git,0,-1,-1,0.017311811447143555,-1
git,0,-1,-1,0.011667966842651367,-1
git,0,-1,-1,0.015533924102783203,-1
git,0,-1,-1,0.011488676071166992,-1
git,0,-1,-1,0.01682901382446289,-1
git,0,-1,-1,0.016066551208496094,-1
git,0,-1,-1,0.0159299373626709,-1
git,0,-1,-1,0.015570878982543945,-1
git,0,-1,-1,0.016825199127197266,-1
git,0,-1,-1,0.016648054122924805,-1
git,0,-1,-1,0.011967182159423828,-1
git,0,-1,-1,0.016523122787475586,-1
git,0,-1,-1,0.016709089279174805,-1
git,0,-1,-1,0.011577844619750977,-1
git,0,-1,-1,0.011615514755249023,-1
git,0,-1,-1,0.013695001602172852,-1
git,0,-1,-1,0.006047725677490234,-1
git,0,-1,-1,0.009913206100463867,-1
git,0,-1,-1,0.011946916580200195,-1
git,0,-1,-1,0.00908207893371582,-1
git,0,-1,-1,0.007434368133544922,-1
git,0,-1,-1,0.008502483367919922,-1
git,0,-1,-1,0.009130477905273438,-1
git,0,-1,-1,0.00913381576538086,-1
git,0,-1,-1,0.008707523345947266,-1
git,1,-1,-1,0.012120246887207031,-1
git,0,-1,-1,0.007793426513671875,-1
git,0,-1,-1,0.009573936462402344,-1
git,0,-1,-1,0.008799314498901367,-1
git,0,-1,-1,0.007804393768310547,-1
git,1,-1,-1,0.011251688003540039,-1
git,1,-1,-1,0.009948492050170898,-1
git,1,-1,-1,0.009597539901733398,-1
git,0,-1,-1,0.008224010467529297,-1
git,0,-1,-1,0.01058650016784668,-1
git,0,-1,-1,0.008135318756103516,-1
git,0,-1,-1,0.008103370666503906,-1
git,0,-1,-1,0.010132312774658203,-1
git,0,-1,-1,0.011782407760620117,-1
git,0,-1,-1,0.010747909545898438,-1
git,0,-1,-1,0.01077723503112793,-1
git,0,-1,-1,0.009666919708251953,-1
git,0,-1,-1,0.010081768035888672,-1
git,0,-1,-1,0.009861469268798828,-1
git,0,-1,-1,0.010349512100219727,-1
git,0,-1,-1,0.008153438568115234,-1
git,0,-1,-1,0.006717681884765625,-1
git,0,-1,-1,0.02562999725341797,-1
git,0,-1,-1,0.01533818244934082,-1
git,0,-1,-1,0.012822389602661133,-1
git,0,-1,-1,0.012899160385131836,-1
git,0,-1,-1,0.012601137161254883,-1
git,0,-1,-1,0.013080596923828125,-1
git,1,-1,-1,0.020572900772094727,-1
git,0,-1,-1,0.013691186904907227,-1
git,0,-1,-1,0.013180255889892578,-1
git,0,-1,-1,0.012887716293334961,-1
git,0,-1,-1,0.020566940307617188,-1
git,0,-1,-1,0.019595623016357422,-1
git,0,-1,-1,0.020082950592041016,-1
git,0,-1,-1,0.018533945083618164,-1
git,0,-1,-1,0.01839756965637207,-1
git,0,-1,-1,0.013239383697509766,-1
git,0,-1,-1,0.013061285018920898,-1
git,1,-1,-1,0.026752233505249023,-1
git,0,-1,-1,0.016322851181030273,-1
git,0,-1,-1,0.019550085067749023,-1
git,0,-1,-1,0.020834684371948242,-1
git,0,-1,-1,0.009417295455932617,-1
git,0,-1,-1,0.00720667839050293,-1
git,0,-1,-1,0.010795831680297852,-1
git,0,-1,-1,0.009579658508300781,-1
git,0,-1,-1,0.009119987487792969,-1
git,0,-1,-1,0.008642196655273438,-1
git,1,-1,-1,0.023144006729125977,-1
git,0,-1,-1,0.017305374145507812,-1
git,0,-1,-1,0.010788917541503906,-1
git,0,-1,-1,0.010281085968017578,-1
git,0,-1,-1,0.019949913024902344,-1
git,0,-1,-1,0.014797210693359375,-1
git,0,-1,-1,0.019619464874267578,-1
git,0,-1,-1,0.01299428939819336,-1
git,0,-1,-1,0.015865802764892578,-1
git,0,-1,-1,0.015192031860351562,-1
git,0,-1,-1,0.010437250137329102,-1
git,0,-1,-1,0.014516592025756836,-1
git,0,-1,-1,0.015211820602416992,-1
git,0,-1,-1,0.014094114303588867,-1
git,0,-1,-1,0.016837358474731445,-1
git,0,-1,-1,0.01116037368774414,-1
git,0,-1,-1,0.014265298843383789,-1
git,0,-1,-1,0.012543916702270508,-1
git,0,-1,-1,0.010591268539428711,-1
git,0,-1,-1,0.009608745574951172,-1
git,0,-1,-1,0.010456323623657227,-1
git,0,-1,-1,0.008246898651123047,-1
git,1,-1,-1,0.009660720825195312,-1
git,0,-1,-1,0.015758991241455078,-1
git,0,-1,-1,0.011670351028442383,-1
git,0,-1,-1,0.015185117721557617,-1
git,1,-1,-1,0.02037525177001953,-1
git,0,-1,-1,0.013511896133422852,-1
git,0,-1,-1,0.013561487197875977,-1
git,1,-1,-1,0.02203536033630371,-1
git,0,-1,-1,0.016357898712158203,-1
git,0,-1,-1,0.009793758392333984,-1
git,1,-1,-1,0.018624067306518555,-1
git,0,-1,-1,0.01400446891784668,-1
git,0,-1,-1,0.011275291442871094,-1
git,0,-1,-1,0.012836933135986328,-1
git,0,-1,-1,0.014456987380981445,-1
git,0,-1,-1,0.01214289665222168,-1
git,0,-1,-1,0.012052059173583984,-1
git,0,-1,-1,0.009606599807739258,-1
git,0,-1,-1,0.009717702865600586,-1
git,0,-1,-1,0.010123968124389648,-1
git,0,-1,-1,0.011908531188964844,-1
git,0,-1,-1,0.014960527420043945,-1
git,0,-1,-1,0.016584157943725586,-1
git,0,-1,-1,0.01265406608581543,-1
git,0,-1,-1,0.006402730941772461,-1
git,0,-1,-1,0.007788896560668945,-1
git,0,-1,-1,0.0075643062591552734,-1
git,0,-1,-1,0.008235931396484375,-1
git,0,-1,-1,0.008858442306518555,-1
git,0,-1,-1,0.007665157318115234,-1
git,0,-1,-1,0.007735490798950195,-1
git,0,-1,-1,0.007982015609741211,-1
git,0,-1,-1,0.008103370666503906,-1
git,0,-1,-1,0.007622241973876953,-1
git,0,-1,-1,0.008843183517456055,-1
git,0,-1,-1,0.00788116455078125,-1
git,0,-1,-1,0.00774383544921875,-1
git,0,-1,-1,0.007918834686279297,-1
git,0,-1,-1,0.011076688766479492,-1
git,0,-1,-1,0.007962703704833984,-1
git,0,-1,-1,0.010095834732055664,-1
git,0,-1,-1,0.01210927963256836,-1
git,0,-1,-1,0.009389162063598633,-1
git,1,-1,-1,0.01571202278137207,-1
git,0,-1,-1,0.01971721649169922,-1
git,0,-1,-1,0.014548301696777344,-1
git,0,-1,-1,0.012137174606323242,-1
git,0,-1,-1,0.011370182037353516,-1
git,0,-1,-1,0.014435529708862305,-1
git,0,-1,-1,0.01221013069152832,-1
git,0,-1,-1,0.011611461639404297,-1
git,0,-1,-1,0.013257980346679688,-1
git,0,-1,-1,0.01354837417602539,-1
git,0,-1,-1,0.01104116439819336,-1
git,0,-1,-1,0.010933399200439453,-1
git,0,-1,-1,0.009876251220703125,-1
git,0,-1,-1,0.009332418441772461,-1
git,0,-1,-1,0.013388872146606445,-1
git,0,-1,-1,0.013232946395874023,-1
git,0,-1,-1,0.009856224060058594,-1
git,0,-1,-1,0.012239694595336914,-1
git,0,-1,-1,0.011350631713867188,-1
git,0,-1,-1,0.009301424026489258,-1
git,0,-1,-1,0.009598731994628906,-1
git,0,-1,-1,0.0089263916015625,-1
git,0,-1,-1,0.011290311813354492,-1
git,0,-1,-1,0.011766195297241211,-1
git,0,-1,-1,0.012140989303588867,-1
git,0,-1,-1,0.010542154312133789,-1
git,0,-1,-1,0.010230541229248047,-1
git,0,-1,-1,0.011411190032958984,-1
git,0,-1,-1,0.009214162826538086,-1
git,0,-1,-1,0.010253429412841797,-1
git,1,-1,-1,0.016500234603881836,-1
git,0,-1,-1,0.009416341781616211,-1
git,0,-1,-1,0.016031742095947266,-1
git,0,-1,-1,0.009968280792236328,-1
git,1,-1,-1,0.015502691268920898,-1
git,0,-1,-1,0.009362220764160156,-1
git,1,-1,-1,0.01155996322631836,-1
git,0,-1,-1,0.007112741470336914,-1
git,1,-1,-1,0.010114669799804688,-1
git,0,-1,-1,0.01657891273498535,-1
git,0,-1,-1,0.008568525314331055,-1
git,0,-1,-1,0.008847475051879883,-1
git,0,-1,-1,0.010409116744995117,-1
git,0,-1,-1,0.011701345443725586,-1
git,0,-1,-1,0.009444236755371094,-1
git,0,-1,-1,0.009035110473632812,-1
git,0,-1,-1,0.008109092712402344,-1
git,1,-1,-1,0.009888410568237305,-1
git,1,-1,-1,0.009822845458984375,-1
git,1,-1,-1,0.009978532791137695,-1
git,1,-1,-1,0.010315895080566406,-1
git,1,-1,-1,0.01023554801940918,-1
git,1,-1,-1,0.009737491607666016,-1
git,0,-1,-1,0.009396553039550781,-1
git,0,-1,-1,0.010030508041381836,-1
git,0,-1,-1,0.009284496307373047,-1
git,0,-1,-1,0.008227825164794922,-1
git,0,-1,-1,0.009018421173095703,-1
git,0,-1,-1,0.009898900985717773,-1
git,0,-1,-1,0.009388208389282227,-1
git,0,-1,-1,0.009384870529174805,-1
git,0,-1,-1,0.00823831558227539,-1
git,0,-1,-1,0.009659051895141602,-1
git,0,-1,-1,0.009742021560668945,-1
git,0,-1,-1,0.008273839950561523,-1
git,0,-1,-1,0.009966373443603516,-1
git,0,-1,-1,0.007519721984863281,-1
git,0,-1,-1,0.006165504455566406,-1
git,0,-1,-1,0.008882284164428711,-1
git,0,-1,-1,0.009186983108520508,-1
git,0,-1,-1,0.011051416397094727,-1
git,0,-1,-1,0.00911569595336914,-1
git,0,-1,-1,0.009607076644897461,-1
git,0,-1,-1,0.010865211486816406,-1
git,0,-1,-1,0.010413169860839844,-1
git,0,-1,-1,0.011133670806884766,-1
git,0,-1,-1,0.014186620712280273,-1
git,0,-1,-1,0.013895988464355469,-1
git,0,-1,-1,0.011711835861206055,-1
git,1,-1,-1,0.014463424682617188,-1
git,0,-1,-1,0.012845277786254883,-1
git,0,-1,-1,0.011013031005859375,-1
git,0,-1,-1,0.010114908218383789,-1
git,0,-1,-1,0.009102582931518555,-1
git,1,-1,-1,0.011189937591552734,-1
git,0,-1,-1,0.00958251953125,-1
git,0,-1,-1,0.008677482604980469,-1
git,0,-1,-1,0.00916433334350586,-1
git,0,-1,-1,0.009597063064575195,-1
git,0,-1,-1,0.01057124137878418,-1
git,0,-1,-1,0.009655237197875977,-1
git,0,-1,-1,0.010489940643310547,-1
git,0,-1,-1,0.010382890701293945,-1
git,0,-1,-1,0.007593393325805664,-1
git,1,-1,-1,0.006990671157836914,-1
git,1,-1,-1,0.006979942321777344,-1
git,0,-1,-1,0.0071980953216552734,-1
git,1,-1,-1,0.015950441360473633,-1
git,0,-1,-1,0.011493206024169922,-1
git,0,-1,-1,0.009898185729980469,-1
git,0,-1,-1,0.007912874221801758,-1
git,0,-1,-1,0.008194208145141602,-1
git,0,-1,-1,0.008081197738647461,-1
git,0,-1,-1,0.010559797286987305,-1
git,0,-1,-1,0.01495981216430664,-1
git,0,-1,-1,0.012338876724243164,-1
git,0,-1,-1,0.016363859176635742,-1
git,0,-1,-1,0.016699790954589844,-1
git,0,-1,-1,0.011390209197998047,-1
git,0,-1,-1,0.012279748916625977,-1
git,0,-1,-1,0.016511201858520508,-1
git,0,-1,-1,0.012838125228881836,-1
git,0,-1,-1,0.01851677894592285,-1
git,0,-1,-1,0.012187004089355469,-1
git,0,-1,-1,0.017006397247314453,-1
git,0,-1,-1,0.012177705764770508,-1
git,0,-1,-1,0.017127275466918945,-1
git,0,-1,-1,0.016989469528198242,-1
git,0,-1,-1,0.01640915870666504,-1
git,0,-1,-1,0.01760697364807129,-1
git,0,-1,-1,0.014362335205078125,-1
git,0,-1,-1,0.006747007369995117,-1
git,0,-1,-1,0.006972551345825195,-1
git,0,-1,-1,0.007105112075805664,-1
git,0,-1,-1,0.006748676300048828,-1
git,0,-1,-1,0.0065996646881103516,-1
git,0,-1,-1,0.006726980209350586,-1
git,0,-1,-1,0.00670623779296875,-1
git,0,-1,-1,0.006835222244262695,-1
git,0,-1,-1,0.010589838027954102,-1
git,0,-1,-1,0.012113809585571289,-1
git,0,-1,-1,0.009103536605834961,-1
git,0,-1,-1,0.007536649703979492,-1
git,0,-1,-1,0.008741617202758789,-1
git,0,-1,-1,0.009816884994506836,-1
git,0,-1,-1,0.009722232818603516,-1
git,0,-1,-1,0.008854389190673828,-1
git,1,-1,-1,0.01255035400390625,-1
git,0,-1,-1,0.00754547119140625,-1
git,0,-1,-1,0.009685993194580078,-1
git,0,-1,-1,0.008902788162231445,-1
git,0,-1,-1,0.00811147689819336,-1
git,1,-1,-1,0.011373043060302734,-1
git,1,-1,-1,0.010863542556762695,-1
git,1,-1,-1,0.00894021987915039,-1
git,0,-1,-1,0.00820159912109375,-1
git,0,-1,-1,0.008944272994995117,-1
git,0,-1,-1,0.0072247982025146484,-1
git,0,-1,-1,0.0070536136627197266,-1
git,0,-1,-1,0.008216142654418945,-1
git,0,-1,-1,0.008006095886230469,-1
git,0,-1,-1,0.007531404495239258,-1
git,0,-1,-1,0.007442951202392578,-1
git,0,-1,-1,0.006364583969116211,-1
git,0,-1,-1,0.005461215972900391,-1
git,0,-1,-1,0.005959033966064453,-1
git,0,-1,-1,0.006345510482788086,-1
git,0,-1,-1,0.005695819854736328,-1
git,0,-1,-1,0.004656314849853516,-1
git,0,-1,-1,0.024741411209106445,-1
git,0,-1,-1,0.01544046401977539,-1
git,0,-1,-1,0.0125579833984375,-1
git,0,-1,-1,0.01253509521484375,-1
git,0,-1,-1,0.012459993362426758,-1
git,0,-1,-1,0.01324152946472168,-1
git,1,-1,-1,0.020225048065185547,-1
git,0,-1,-1,0.013773202896118164,-1
git,0,-1,-1,0.013770341873168945,-1
git,0,-1,-1,0.012058734893798828,-1
git,0,-1,-1,0.019986867904663086,-1
git,0,-1,-1,0.01898503303527832,-1
git,0,-1,-1,0.01981496810913086,-1
git,0,-1,-1,0.01831960678100586,-1
git,0,-1,-1,0.018007278442382812,-1
git,0,-1,-1,0.013489484786987305,-1
git,0,-1,-1,0.013664007186889648,-1
git,1,-1,-1,0.026869535446166992,-1
git,0,-1,-1,0.016770601272583008,-1
git,0,-1,-1,0.011095046997070312,-1
git,0,-1,-1,0.009952068328857422,-1
git,0,-1,-1,0.008135795593261719,-1
git,0,-1,-1,0.008172273635864258,-1
git,0,-1,-1,0.012492656707763672,-1
git,0,-1,-1,0.010392189025878906,-1
git,0,-1,-1,0.00925588607788086,-1
git,0,-1,-1,0.008273124694824219,-1
git,1,-1,-1,0.023914575576782227,-1
git,0,-1,-1,0.017835140228271484,-1
git,0,-1,-1,0.010967493057250977,-1
git,0,-1,-1,0.010564804077148438,-1
git,0,-1,-1,0.014990091323852539,-1
git,0,-1,-1,0.011217594146728516,-1
git,0,-1,-1,0.01412343978881836,-1
git,0,-1,-1,0.011968851089477539,-1
git,0,-1,-1,0.015276193618774414,-1
git,0,-1,-1,0.015438318252563477,-1
git,0,-1,-1,0.010329008102416992,-1
git,0,-1,-1,0.015744686126708984,-1
git,0,-1,-1,0.015318870544433594,-1
git,0,-1,-1,0.014872550964355469,-1
git,0,-1,-1,0.017654895782470703,-1
git,0,-1,-1,0.010637044906616211,-1
git,0,-1,-1,0.01431894302368164,-1
git,0,-1,-1,0.01324152946472168,-1
git,0,-1,-1,0.009404420852661133,-1
git,0,-1,-1,0.008009672164916992,-1
git,0,-1,-1,0.010526657104492188,-1
git,0,-1,-1,0.00818777084350586,-1
git,1,-1,-1,0.01005697250366211,-1
git,0,-1,-1,0.015716552734375,-1
git,0,-1,-1,0.01136922836303711,-1
git,0,-1,-1,0.015032052993774414,-1
git,1,-1,-1,0.021123886108398438,-1
git,0,-1,-1,0.013663053512573242,-1
git,0,-1,-1,0.013644933700561523,-1
git,1,-1,-1,0.022030353546142578,-1
git,0,-1,-1,0.01602911949157715,-1
git,0,-1,-1,0.010348796844482422,-1
git,1,-1,-1,0.01885080337524414,-1
git,0,-1,-1,0.014620542526245117,-1
git,0,-1,-1,0.01083827018737793,-1
git,0,-1,-1,0.01263880729675293,-1
git,0,-1,-1,0.014553070068359375,-1
git,0,-1,-1,0.012515544891357422,-1
git,0,-1,-1,0.012389898300170898,-1
git,0,-1,-1,0.009554624557495117,-1
git,0,-1,-1,0.009685039520263672,-1
git,0,-1,-1,0.009590387344360352,-1
git,0,-1,-1,0.010003328323364258,-1
git,0,-1,-1,0.013984441757202148,-1
git,0,-1,-1,0.01558065414428711,-1
git,0,-1,-1,0.008348464965820312,-1
git,0,-1,-1,0.008121728897094727,-1
git,0,-1,-1,0.00899505615234375,-1
git,0,-1,-1,0.00917816162109375,-1
git,0,-1,-1,0.009281158447265625,-1
git,0,-1,-1,0.009643077850341797,-1
git,0,-1,-1,0.008480072021484375,-1
git,0,-1,-1,0.00812983512878418,-1
git,0,-1,-1,0.00790548324584961,-1
git,0,-1,-1,0.007855892181396484,-1
git,0,-1,-1,0.007651567459106445,-1
git,0,-1,-1,0.008478641510009766,-1
git,0,-1,-1,0.008033037185668945,-1
git,0,-1,-1,0.007970809936523438,-1
git,0,-1,-1,0.008166790008544922,-1
git,0,-1,-1,0.011502265930175781,-1
git,0,-1,-1,0.008003950119018555,-1
git,0,-1,-1,0.010457992553710938,-1
git,0,-1,-1,0.01240229606628418,-1
git,0,-1,-1,0.009602785110473633,-1
git,1,-1,-1,0.015522480010986328,-1
git,0,-1,-1,0.019535541534423828,-1
git,0,-1,-1,0.01410818099975586,-1
git,0,-1,-1,0.012383699417114258,-1
git,0,-1,-1,0.011206865310668945,-1
git,0,-1,-1,0.014281034469604492,-1
git,0,-1,-1,0.012570619583129883,-1
git,0,-1,-1,0.011323213577270508,-1
git,0,-1,-1,0.00977325439453125,-1
git,0,-1,-1,0.013598203659057617,-1
git,0,-1,-1,0.011987686157226562,-1
git,0,-1,-1,0.011503219604492188,-1
git,0,-1,-1,0.010485172271728516,-1
git,0,-1,-1,0.009424924850463867,-1
git,0,-1,-1,0.013463973999023438,-1
git,0,-1,-1,0.013406038284301758,-1
git,0,-1,-1,0.010069131851196289,-1
git,0,-1,-1,0.010690450668334961,-1
git,0,-1,-1,0.012036800384521484,-1
git,0,-1,-1,0.009950637817382812,-1
git,0,-1,-1,0.010805606842041016,-1
git,0,-1,-1,0.009033441543579102,-1
git,0,-1,-1,0.011457681655883789,-1
git,0,-1,-1,0.012386322021484375,-1
git,0,-1,-1,0.012076854705810547,-1
git,0,-1,-1,0.010674238204956055,-1
git,0,-1,-1,0.011435508728027344,-1
git,0,-1,-1,0.011218070983886719,-1
git,0,-1,-1,0.009295225143432617,-1
git,0,-1,-1,0.011715173721313477,-1
git,1,-1,-1,0.016544580459594727,-1
git,0,-1,-1,0.00934600830078125,-1
git,0,-1,-1,0.015987634658813477,-1
git,0,-1,-1,0.010209321975708008,-1
git,1,-1,-1,0.015339374542236328,-1
git,0,-1,-1,0.00824737548828125,-1
git,1,-1,-1,0.010416030883789062,-1
git,0,-1,-1,0.0073664188385009766,-1
git,1,-1,-1,0.010361194610595703,-1
git,0,-1,-1,0.01740717887878418,-1
git,0,-1,-1,0.009712934494018555,-1
git,0,-1,-1,0.010703563690185547,-1
git,0,-1,-1,0.012100458145141602,-1
git,0,-1,-1,0.014046192169189453,-1
git,0,-1,-1,0.01132655143737793,-1
git,0,-1,-1,0.01044774055480957,-1
git,0,-1,-1,0.009946584701538086,-1
git,1,-1,-1,0.0116119384765625,-1
git,1,-1,-1,0.011748790740966797,-1
git,1,-1,-1,0.012681007385253906,-1
git,1,-1,-1,0.01099252700805664,-1
git,1,-1,-1,0.01028895378112793,-1
git,1,-1,-1,0.010097742080688477,-1
git,0,-1,-1,0.00900411605834961,-1
git,0,-1,-1,0.00962066650390625,-1
git,0,-1,-1,0.009588241577148438,-1
git,0,-1,-1,0.008280038833618164,-1
git,0,-1,-1,0.008957862854003906,-1
git,0,-1,-1,0.010922431945800781,-1
git,0,-1,-1,0.010024070739746094,-1
git,0,-1,-1,0.00985574722290039,-1
git,0,-1,-1,0.008127927780151367,-1
git,0,-1,-1,0.01186513900756836,-1
git,0,-1,-1,0.010263919830322266,-1
git,0,-1,-1,0.009066104888916016,-1
git,0,-1,-1,0.009459495544433594,-1
git,0,-1,-1,0.010363340377807617,-1
git,0,-1,-1,0.009404659271240234,-1
git,0,-1,-1,0.011172056198120117,-1
git,0,-1,-1,0.011777162551879883,-1
git,0,-1,-1,0.015542984008789062,-1
git,0,-1,-1,0.011284589767456055,-1
git,0,-1,-1,0.012337684631347656,-1
git,0,-1,-1,0.014448881149291992,-1
git,0,-1,-1,0.009460687637329102,-1
git,0,-1,-1,0.008757829666137695,-1
git,0,-1,-1,0.010835886001586914,-1
git,0,-1,-1,0.01017618179321289,-1
git,0,-1,-1,0.011803627014160156,-1
git,1,-1,-1,0.014409065246582031,-1
git,0,-1,-1,0.012777328491210938,-1
git,0,-1,-1,0.010608911514282227,-1
git,0,-1,-1,0.010218381881713867,-1
git,0,-1,-1,0.008868694305419922,-1
git,1,-1,-1,0.011228322982788086,-1
git,0,-1,-1,0.010441780090332031,-1
git,0,-1,-1,0.008534669876098633,-1
git,0,-1,-1,0.009680747985839844,-1
git,0,-1,-1,0.01056981086730957,-1
git,0,-1,-1,0.0077648162841796875,-1
git,0,-1,-1,0.008560895919799805,-1
git,0,-1,-1,0.008540630340576172,-1
git,0,-1,-1,0.008690595626831055,-1
git,0,-1,-1,0.007988929748535156,-1
git,1,-1,-1,0.008930683135986328,-1
git,1,-1,-1,0.011096000671386719,-1
git,0,-1,-1,0.00847315788269043,-1
git,1,-1,-1,0.018872499465942383,-1
git,0,-1,-1,0.014038562774658203,-1
git,0,-1,-1,0.01133584976196289,-1
git,0,-1,-1,0.009835958480834961,-1
git,0,-1,-1,0.010038375854492188,-1
git,0,-1,-1,0.009657144546508789,-1
git,0,-1,-1,0.012880086898803711,-1
git,0,-1,-1,0.020154953002929688,-1
git,0,-1,-1,0.015101909637451172,-1
git,0,-1,-1,0.022215843200683594,-1
git,0,-1,-1,0.022204875946044922,-1
git,0,-1,-1,0.013018608093261719,-1
git,0,-1,-1,0.014012813568115234,-1
git,0,-1,-1,0.02095937728881836,-1
git,0,-1,-1,0.014333009719848633,-1
git,0,-1,-1,0.020885229110717773,-1
git,0,-1,-1,0.008778572082519531,-1
git,0,-1,-1,0.005176067352294922,-1
git,0,-1,-1,0.0058441162109375,-1
git,0,-1,-1,0.007783412933349609,-1
git,0,-1,-1,0.007161617279052734,-1
git,0,-1,-1,0.007188558578491211,-1
git,0,-1,-1,0.007158041000366211,-1
git,0,-1,-1,0.009500980377197266,-1
git,0,-1,-1,0.009827852249145508,-1
git,0,-1,-1,0.008687734603881836,-1
git,0,-1,-1,0.00947117805480957,-1
git,0,-1,-1,0.009189367294311523,-1
git,0,-1,-1,0.008829832077026367,-1
git,0,-1,-1,0.00900578498840332,-1
git,0,-1,-1,0.009116888046264648,-1
git,0,-1,-1,0.00900721549987793,-1
git,0,-1,-1,0.013334274291992188,-1
git,0,-1,-1,0.015095233917236328,-1
git,0,-1,-1,0.010867595672607422,-1
git,0,-1,-1,0.00925302505493164,-1
git,0,-1,-1,0.010807275772094727,-1
git,0,-1,-1,0.011647462844848633,-1
git,0,-1,-1,0.011586189270019531,-1
git,0,-1,-1,0.01050257682800293,-1
git,1,-1,-1,0.012308120727539062,-1
git,0,-1,-1,0.0075528621673583984,-1
git,0,-1,-1,0.010015010833740234,-1
git,0,-1,-1,0.009958267211914062,-1
git,0,-1,-1,0.009456157684326172,-1
git,1,-1,-1,0.012065410614013672,-1
git,1,-1,-1,0.010470151901245117,-1
git,1,-1,-1,0.009634971618652344,-1
git,0,-1,-1,0.008374214172363281,-1
git,0,-1,-1,0.009223222732543945,-1
git,0,-1,-1,0.007460832595825195,-1
git,0,-1,-1,0.007746458053588867,-1
git,0,-1,-1,0.008434534072875977,-1
git,0,-1,-1,0.008651256561279297,-1
git,0,-1,-1,0.00905752182006836,-1
git,0,-1,-1,0.007914543151855469,-1
git,0,-1,-1,0.007201433181762695,-1
git,0,-1,-1,0.007000446319580078,-1
git,0,-1,-1,0.007152557373046875,-1
git,0,-1,-1,0.007611751556396484,-1
git,0,-1,-1,0.007467746734619141,-1
git,0,-1,-1,0.00542759895324707,-1
